time,value
2024-06-10 00:00:00,13.5129983827072
2024-06-10 01:00:00,13.761486257504002
2024-06-10 02:00:00,13.583373104714846
2024-06-10 03:00:00,13.276434284821343
2024-06-10 04:00:00,13.98523286349964
2024-06-10 05:00:00,14.27102726095257
2024-06-10 06:00:00,13.946975599236035
2024-06-10 07:00:00,14.18852136271846
2024-06-10 08:00:00,13.973382113356443
2024-06-10 09:00:00,14.243195796253673
2024-06-10 10:00:00,14.570289741779389
2024-06-10 11:00:00,13.931701700729496
2024-06-10 12:00:00,14.182407227184624
2024-06-10 13:00:00,14.406497024346704
2024-06-10 14:00:00,14.322943385251843
2024-06-10 15:00:00,14.874637458889694
2024-06-10 16:00:00,15.285361251411077
2024-06-10 17:00:00,16.410105321416808
2024-06-10 18:00:00,15.57738426598851
2024-06-10 19:00:00,15.978622490636052
2024-06-10 20:00:00,16.220257987000284
2024-06-10 21:00:00,15.629754284239777
2024-06-10 22:00:00,15.701958845941192
2024-06-10 23:00:00,14.436447732855584
2024-06-11 00:00:00,14.29573460996953
2024-06-11 01:00:00,13.98108403907508
2024-06-11 02:00:00,13.976786777900749
2024-06-11 03:00:00,13.702353534243564
2024-06-11 04:00:00,13.83746948629555
2024-06-11 05:00:00,14.669074413590272
2024-06-11 06:00:00,14.09673147629976
2024-06-11 07:00:00,14.491172324142656
2024-06-11 08:00:00,14.569673846767015
2024-06-11 09:00:00,14.504742799023088
2024-06-11 10:00:00,16.75772785250998
2024-06-11 11:00:00,20.0454226611718
2024-06-11 12:00:00,20.520229147168383
2024-06-11 13:00:00,14.077051884773091
2024-06-11 14:00:00,14.33092547702626
2024-06-11 15:00:00,14.575497981521558
2024-06-11 16:00:00,14.39895586897317
2024-06-11 17:00:00,16.245780219871797
2024-06-11 18:00:00,32.78178561259902
2024-06-11 19:00:00,14.109922775102069
2024-06-11 20:00:00,14.527773473297325
2024-06-11 21:00:00,13.472368107973224
2024-06-11 22:00:00,12.997043407787292
2024-06-11 23:00:00,13.185698711737755
2024-06-12 00:00:00,13.278590419808127
2024-06-12 01:00:00,13.154219197116593
2024-06-12 02:00:00,13.1075305536719
2024-06-12 03:00:00,12.78266676056145
2024-06-12 04:00:00,13.089919903176868
2024-06-12 05:00:00,14.200939953500871
2024-06-12 06:00:00,14.168861578589516
2024-06-12 07:00:00,13.70231421871274
2024-06-12 08:00:00,14.242920472060344
2024-06-12 09:00:00,14.03913159639014
2024-06-12 10:00:00,14.29620005423618
2024-06-12 11:00:00,14.108199541784346
2024-06-12 12:00:00,13.584848591954014
2024-06-12 13:00:00,13.512720440400273
2024-06-12 14:00:00,13.656718099955562
2024-06-12 15:00:00,13.743315593623338
2024-06-12 16:00:00,14.429827431812251
2024-06-12 17:00:00,14.860401925193276
2024-06-12 18:00:00,13.221897495601429
2024-06-12 19:00:00,16.52384745954555
2024-06-12 20:00:00,13.951416163883431
2024-06-12 21:00:00,13.575702173029349
2024-06-12 22:00:00,13.764125743026938
2024-06-12 23:00:00,13.773132980843156
2024-06-13 00:00:00,13.28198867583338
2024-06-13 01:00:00,13.70346274126727
2024-06-13 02:00:00,13.203771754618614
2024-06-13 03:00:00,13.673650760118992
2024-06-13 04:00:00,13.651974781378447
2024-06-13 05:00:00,13.86839417814522
2024-06-13 06:00:00,13.738347815585566
2024-06-13 07:00:00,14.196985550352322
2024-06-13 08:00:00,14.822491821213282
2024-06-13 09:00:00,13.517584607265013
2024-06-13 10:00:00,13.956177454362647
2024-06-13 11:00:00,13.87048063970677
2024-06-13 12:00:00,13.591371423299158
2024-06-13 13:00:00,13.713742486179529
2024-06-13 14:00:00,14.188443178731989
2024-06-13 15:00:00,14.760010860102454
2024-06-13 16:00:00,15.672125889153593
2024-06-13 17:00:00,16.54311697297311
2024-06-13 18:00:00,14.154365872197095
2024-06-13 19:00:00,17.473166110433745
2024-06-13 20:00:00,14.63688942762864
2024-06-13 21:00:00,14.576337505845949
2024-06-13 22:00:00,14.303471405443712
2024-06-13 23:00:00,13.12004050291712
2024-06-14 00:00:00,13.573719285040422
2024-06-14 01:00:00,13.6489988641771
2024-06-14 02:00:00,13.086405974039751
2024-06-14 03:00:00,14.160867032133872
2024-06-14 04:00:00,14.28852422962458
2024-06-14 05:00:00,14.054956846558518
2024-06-14 06:00:00,13.98562725130434
2024-06-14 07:00:00,14.495238603884516
2024-06-14 08:00:00,14.21638713199504
2024-06-14 09:00:00,13.644536206620774
2024-06-14 10:00:00,14.527180548938135
2024-06-14 11:00:00,14.219145804622048
2024-06-14 12:00:00,14.59616248763796
2024-06-14 13:00:00,14.08962548256154
2024-06-14 14:00:00,14.068250802671251
2024-06-14 15:00:00,14.739400930122663
2024-06-14 16:00:00,14.80739984975801
2024-06-14 17:00:00,17.016591824641736
2024-06-14 18:00:00,14.45001905769233
2024-06-14 19:00:00,15.887004158945594
2024-06-14 20:00:00,14.686509153908604
2024-06-14 21:00:00,17.85711154138012
2024-06-14 22:00:00,14.74396033438393
2024-06-14 23:00:00,14.549798705680654
2024-06-15 00:00:00,14.461417131997107
2024-06-15 01:00:00,13.853515323059012
2024-06-15 02:00:00,14.17570927495244
2024-06-15 03:00:00,13.871774242733297
2024-06-15 04:00:00,14.211949991342047
2024-06-15 05:00:00,14.319793832877112
2024-06-15 06:00:00,13.91720573612541
2024-06-15 07:00:00,14.064377591240964
2024-06-15 08:00:00,13.845419365959025
2024-06-15 09:00:00,13.417651557131077
2024-06-15 10:00:00,13.613081454363794
2024-06-15 11:00:00,13.572899448013974
2024-06-15 12:00:00,14.383395630258274
2024-06-15 13:00:00,14.420295498487112
2024-06-15 14:00:00,14.24860511468178
2024-06-15 15:00:00,34.94284649067433
2024-06-15 16:00:00,18.720374617902632
2024-06-15 17:00:00,30.10254481884028
2024-06-15 18:00:00,16.802519254152674
2024-06-15 19:00:00,14.849894246360927
2024-06-15 20:00:00,15.813854285669354
2024-06-15 21:00:00,10.64240933879428
2024-06-15 22:00:00,16.262356048580347
2024-06-15 23:00:00,15.277285364344342
2024-06-16 00:00:00,13.968788747975854
2024-06-16 01:00:00,13.363534987010896
2024-06-16 02:00:00,8.350279629206394
2024-06-16 03:00:00,13.962611743914968
2024-06-16 04:00:00,13.145491053127042
2024-06-16 05:00:00,12.985829229415408
2024-06-16 06:00:00,12.45487812169046
2024-06-16 07:00:00,13.036906452314184
2024-06-16 08:00:00,13.895434210956154
2024-06-16 09:00:00,13.417995206231156
2024-06-16 10:00:00,13.629176258223875
2024-06-16 11:00:00,13.39454239460076
2024-06-16 12:00:00,13.849779689765224
2024-06-16 13:00:00,13.63146525634876
2024-06-16 14:00:00,13.280685065748706
2024-06-16 15:00:00,14.456301610737846
2024-06-16 16:00:00,14.62236527787774
2024-06-16 17:00:00,17.136775077877125
2024-06-16 18:00:00,33.687546607319725
2024-06-16 19:00:00,17.751573390832878
2024-06-16 20:00:00,13.845763936552302
2024-06-16 21:00:00,13.79337380928522
2024-06-16 22:00:00,13.516154680847531
2024-06-16 23:00:00,12.695410284986002
2024-06-17 00:00:00,16.921181686117414
2024-06-17 01:00:00,12.62722942806938
2024-06-17 02:00:00,13.152952852586994
2024-06-17 03:00:00,12.364493042101632
2024-06-17 04:00:00,12.791346016929069
2024-06-17 05:00:00,13.95676237311431
2024-06-17 06:00:00,13.59675970160365
2024-06-17 07:00:00,13.54091737261844
2024-06-17 08:00:00,13.269391792104424
2024-06-17 09:00:00,16.99152841811643
2024-06-17 10:00:00,12.499750398633571
2024-06-17 11:00:00,12.90251942973564
2024-06-17 12:00:00,12.88984202359301
2024-06-17 13:00:00,14.10329883314378
2024-06-17 14:00:00,13.995032022400252
2024-06-17 15:00:00,13.993528063885408
2024-06-17 16:00:00,13.809187156071264
2024-06-17 17:00:00,15.658981814166804
2024-06-17 18:00:00,15.954380570297529
2024-06-17 19:00:00,40.22842881098597
2024-06-17 20:00:00,14.27977648156618
2024-06-17 21:00:00,13.0831097276911
2024-06-17 22:00:00,12.587432708214733
2024-06-17 23:00:00,12.822128125768408
2024-06-18 00:00:00,15.997736043179
2024-06-18 01:00:00,12.275571268937703
2024-06-18 02:00:00,12.580481270735218
2024-06-18 03:00:00,12.58545352071192
2024-06-18 04:00:00,13.365900302251402
2024-06-18 05:00:00,13.62282052253044
2024-06-18 06:00:00,13.757687273594788
2024-06-18 07:00:00,13.462680781642236
2024-06-18 08:00:00,13.409804762294064
2024-06-18 09:00:00,13.950006391077578
2024-06-18 10:00:00,14.006249732839445
2024-06-18 11:00:00,14.079603448642018
2024-06-18 12:00:00,14.738035730664723
2024-06-18 13:00:00,14.627117319875063
2024-06-18 14:00:00,14.207130197229834
2024-06-18 15:00:00,14.303877796812982
2024-06-18 16:00:00,14.986053264098636
2024-06-18 17:00:00,33.83276185348505
2024-06-18 18:00:00,27.6724875964084
2024-06-18 19:00:00,20.333128486760742
2024-06-18 20:00:00,39.51938703543908
2024-06-18 21:00:00,14.70898037207705
2024-06-18 22:00:00,13.768058353086602
2024-06-18 23:00:00,13.490976114282695
2024-06-19 00:00:00,14.050042443389207
2024-06-19 01:00:00,13.368510754788858
2024-06-19 02:00:00,13.427273199411127
2024-06-19 03:00:00,13.37469772983037
2024-06-19 04:00:00,13.94520295945714
2024-06-19 05:00:00,14.093743617174033
2024-06-19 06:00:00,14.000987100085956
2024-06-19 07:00:00,14.088377706926597
2024-06-19 08:00:00,17.474144414330418
2024-06-19 09:00:00,14.707507178524484
2024-06-19 10:00:00,14.61152122276065
2024-06-19 11:00:00,14.557997184255605
2024-06-19 12:00:00,13.99161273911532
2024-06-19 13:00:00,13.99423576705297
2024-06-19 14:00:00,15.090472587936183
2024-06-19 15:00:00,14.820529950928494
2024-06-19 16:00:00,20.782897109161475
2024-06-19 17:00:00,20.21375090731117
2024-06-19 18:00:00,35.6555466220934
2024-06-19 19:00:00,21.68573299156541
2024-06-19 20:00:00,17.47632319832391
2024-06-19 21:00:00,14.040850849481815
2024-06-19 22:00:00,13.839003040163746
2024-06-19 23:00:00,14.978920827995704
2024-06-20 00:00:00,13.38087969728621
2024-06-20 01:00:00,13.288607129819336
2024-06-20 02:00:00,13.5047959250053
2024-06-20 03:00:00,13.78934024982609
2024-06-20 04:00:00,14.536273151494676
2024-06-20 05:00:00,15.427796898062567
2024-06-20 06:00:00,14.318154758270945
2024-06-20 07:00:00,15.43990042551933
2024-06-20 08:00:00,14.563937090851564
2024-06-20 09:00:00,15.010452251520531
2024-06-20 10:00:00,14.439718164065455
2024-06-20 11:00:00,14.359985163436294
2024-06-20 12:00:00,15.513420382072711
2024-06-20 13:00:00,14.347587565434338
2024-06-20 14:00:00,15.033060770554924
2024-06-20 15:00:00,14.522660424851187
2024-06-20 16:00:00,42.41328667269797
2024-06-20 17:00:00,14.439938868224418
2024-06-20 18:00:00,14.444916764692929
2024-06-20 19:00:00,14.28351392877332
2024-06-20 20:00:00,14.396676495311596
2024-06-20 21:00:00,14.875165489537617
2024-06-20 22:00:00,14.30817250514777
2024-06-20 23:00:00,14.238053869178511
2024-06-21 00:00:00,14.122549950965242
2024-06-21 01:00:00,13.792959162761615
2024-06-21 02:00:00,13.767706235933318
2024-06-21 03:00:00,13.70217017685081
2024-06-21 04:00:00,13.94867006794834
2024-06-21 05:00:00,13.93021613498142
2024-06-21 06:00:00,13.804992053559683
2024-06-21 07:00:00,14.310705192890689
2024-06-21 08:00:00,13.9851382789419
2024-06-21 09:00:00,13.75275854986612
2024-06-21 10:00:00,13.501373233422632
2024-06-21 11:00:00,13.433175102427372
2024-06-21 12:00:00,13.571643267730767
2024-06-21 13:00:00,13.901429490951951
2024-06-21 14:00:00,12.963358444169224
2024-06-21 15:00:00,13.053064509869698
2024-06-21 16:00:00,14.399589879584733
2024-06-21 17:00:00,37.37543297436689
2024-06-21 18:00:00,14.015144852751169
2024-06-21 19:00:00,43.57525754928649
2024-06-21 20:00:00,14.802263510383458
2024-06-21 21:00:00,18.901911795547548
2024-06-21 22:00:00,14.748910433098938
2024-06-21 23:00:00,14.763068338180132
2024-06-22 00:00:00,15.06349631013511
2024-06-22 01:00:00,14.440375318755198
2024-06-22 02:00:00,14.49021484604433
2024-06-22 03:00:00,16.84806486529315
2024-06-22 04:00:00,19.138775606924906
2024-06-22 05:00:00,15.030561965240224
2024-06-22 06:00:00,14.525931559981458
2024-06-22 07:00:00,14.331960084596858
2024-06-22 08:00:00,15.097538854894106
2024-06-22 09:00:00,15.3424067152565
2024-06-22 10:00:00,14.917005702945392
2024-06-22 11:00:00,16.666629870817587
2024-06-22 12:00:00,18.748831711670427
2024-06-22 13:00:00,13.774947723964669
2024-06-22 14:00:00,14.025195488957484
2024-06-22 15:00:00,14.209402206908369
2024-06-22 16:00:00,14.1781145483588
2024-06-22 17:00:00,15.430438609552535
2024-06-22 18:00:00,41.83254949077823
2024-06-22 19:00:00,20.09167319641504
2024-06-22 20:00:00,14.401695707666436
2024-06-22 21:00:00,14.488202764914698
2024-06-22 22:00:00,14.93733102139146
2024-06-22 23:00:00,14.651912575203577
2024-06-23 00:00:00,15.119225722213852
2024-06-23 01:00:00,14.285869405421955
2024-06-23 02:00:00,14.289925971722472
2024-06-23 03:00:00,14.162416871176037
2024-06-23 04:00:00,13.684495741742662
2024-06-23 05:00:00,13.504801336801812
2024-06-23 06:00:00,13.941533234460715
2024-06-23 07:00:00,14.113107989537149
2024-06-23 08:00:00,14.091670577063963
2024-06-23 09:00:00,14.334839239272975
2024-06-23 10:00:00,13.844333534553709
2024-06-23 11:00:00,16.13601992614463
2024-06-23 12:00:00,13.846678819333032
2024-06-23 13:00:00,14.1097947239372
2024-06-23 14:00:00,14.244477492663728
2024-06-23 15:00:00,14.15777263317059
2024-06-23 16:00:00,13.957683840869338
2024-06-23 17:00:00,16.007506358080718
2024-06-23 18:00:00,15.873163537573184
2024-06-23 19:00:00,15.360608604036608
2024-06-23 20:00:00,16.36142900386747
2024-06-23 21:00:00,15.3545101244628
2024-06-23 22:00:00,15.31822006883954
2024-06-23 23:00:00,14.520961498841968
2024-06-24 00:00:00,13.634046557609016
2024-06-24 01:00:00,13.759267240592578
2024-06-24 02:00:00,14.534322603165847
2024-06-24 03:00:00,13.929255560943616
2024-06-24 04:00:00,14.436463871022498
2024-06-24 05:00:00,14.33404208378957
2024-06-24 06:00:00,15.075062541856626
2024-06-24 07:00:00,14.942988063396587
2024-06-24 08:00:00,14.824767127853043
2024-06-24 09:00:00,14.876538873889409
2024-06-24 10:00:00,14.779799132158592
2024-06-24 11:00:00,14.748876793796825
2024-06-24 12:00:00,15.002919252581735
2024-06-24 13:00:00,14.818083391063038
2024-06-24 14:00:00,14.664101715656956
2024-06-24 15:00:00,17.466530845131647
2024-06-24 16:00:00,14.741768494646111
2024-06-24 17:00:00,16.39577473613086
2024-06-24 18:00:00,16.124468876494937
2024-06-24 19:00:00,14.717838182740095
2024-06-24 20:00:00,14.530859277973814
2024-06-24 21:00:00,14.777393086961805
2024-06-24 22:00:00,14.934232089815838
2024-06-24 23:00:00,16.72682194060858
2024-06-25 00:00:00,15.063936711456437
2024-06-25 01:00:00,14.212287441464206
2024-06-25 02:00:00,14.26756807436726
2024-06-25 03:00:00,14.431793398124745
2024-06-25 04:00:00,14.369096483607876
2024-06-25 05:00:00,14.61065996300528
2024-06-25 06:00:00,15.431688562343355
2024-06-25 07:00:00,14.680277292101945
2024-06-25 08:00:00,15.099272138662974
2024-06-25 09:00:00,14.873583954800374
2024-06-25 10:00:00,15.246075181730516
2024-06-25 11:00:00,15.31416465438785
2024-06-25 12:00:00,16.366459947431846
2024-06-25 13:00:00,23.106125800447337
2024-06-25 14:00:00,19.03742384672049
2024-06-25 15:00:00,14.638285073099068
2024-06-25 16:00:00,13.886634771120177
2024-06-25 17:00:00,15.543517149639047
2024-06-25 18:00:00,16.160065370956637
2024-06-25 19:00:00,15.30007038938795
2024-06-25 20:00:00,15.60287152544727
2024-06-25 21:00:00,15.710765907036537
2024-06-25 22:00:00,16.577235103277882
2024-06-25 23:00:00,14.07629935808798
2024-06-26 00:00:00,15.031632739668844
2024-06-26 01:00:00,14.718657647537071
2024-06-26 02:00:00,14.210840212676953
2024-06-26 03:00:00,17.395073149947816
2024-06-26 04:00:00,18.712634033997084
2024-06-26 05:00:00,16.423547663747655
2024-06-26 06:00:00,15.86554740880393
2024-06-26 07:00:00,15.362229546622231
2024-06-26 08:00:00,15.803920597082271
2024-06-26 09:00:00,14.559096003538782
2024-06-26 10:00:00,14.906682042856437
2024-06-26 11:00:00,14.979350293897228
2024-06-26 12:00:00,15.573583462889973
2024-06-26 13:00:00,15.45468211011793
2024-06-26 14:00:00,14.954173546941904
2024-06-26 15:00:00,14.881281877718369
2024-06-26 16:00:00,14.95341918263719
2024-06-26 17:00:00,16.870046702919005
2024-06-26 18:00:00,15.854164681462851
2024-06-26 19:00:00,16.4061242056639
2024-06-26 20:00:00,17.056380228631628
2024-06-26 21:00:00,16.1938816700778
2024-06-26 22:00:00,15.860802801624205
2024-06-26 23:00:00,15.142490925436263
2024-06-27 00:00:00,15.112472028743232
2024-06-27 01:00:00,14.420167980162692
2024-06-27 02:00:00,15.26664683483988
2024-06-27 03:00:00,16.107277737776226
2024-06-27 04:00:00,18.17308538359577
2024-06-27 05:00:00,20.205667689364752
2024-06-27 06:00:00,16.262164859296405
2024-06-27 07:00:00,16.441942278870897
2024-06-27 08:00:00,15.629694976533646
2024-06-27 09:00:00,16.375552242598623
2024-06-27 10:00:00,16.935688974554385
2024-06-27 11:00:00,15.995555021534296
2024-06-27 12:00:00,15.937891010645384
2024-06-27 13:00:00,15.571704129994192
2024-06-27 14:00:00,15.432418601326017
2024-06-27 15:00:00,15.804756133827308
2024-06-27 16:00:00,15.39196542182929
2024-06-27 17:00:00,18.78212323297125
2024-06-27 18:00:00,16.43073848557498
2024-06-27 19:00:00,38.27366899309714
2024-06-27 20:00:00,19.33364674838895
2024-06-27 21:00:00,14.120759874599894
2024-06-27 22:00:00,13.509168056472252
2024-06-27 23:00:00,13.531505488494844
2024-06-28 00:00:00,12.983538322705243
2024-06-28 01:00:00,12.924256229393691
2024-06-28 02:00:00,13.906577121433632
2024-06-28 03:00:00,13.86731041125214
2024-06-28 04:00:00,13.908436932400068
2024-06-28 05:00:00,14.387414796348756
2024-06-28 06:00:00,14.319402896391985
2024-06-28 07:00:00,14.648786833046104
2024-06-28 08:00:00,14.411747506094493
2024-06-28 09:00:00,14.049149325794057
2024-06-28 10:00:00,14.34849424094166
2024-06-28 11:00:00,14.228822254869083
2024-06-28 12:00:00,14.810580673875084
2024-06-28 13:00:00,14.706115636353957
2024-06-28 14:00:00,14.619513097086209
2024-06-28 15:00:00,14.580535410836497
2024-06-28 16:00:00,14.90231269655532
2024-06-28 17:00:00,16.859343908975088
2024-06-28 18:00:00,15.047303953238933
2024-06-28 19:00:00,17.22236500976978
2024-06-28 20:00:00,16.342948238854333
2024-06-28 21:00:00,19.98596391373266
2024-06-28 22:00:00,15.281500973856428
2024-06-28 23:00:00,14.030926043388542
2024-06-29 00:00:00,14.56777970414461
2024-06-29 01:00:00,14.369841853187976
2024-06-29 02:00:00,14.491984801354908
2024-06-29 03:00:00,13.994186658923898
2024-06-29 04:00:00,14.081221440908774
2024-06-29 05:00:00,14.352302787802849
2024-06-29 06:00:00,16.66278102860392
2024-06-29 07:00:00,14.65968769515054
2024-06-29 08:00:00,14.489978570345745
2024-06-29 09:00:00,14.966800980767394
2024-06-29 10:00:00,14.584282906646196
2024-06-29 11:00:00,14.682755354106956
2024-06-29 12:00:00,14.482957889853417
2024-06-29 13:00:00,14.964407851610062
2024-06-29 14:00:00,15.12736764985983
2024-06-29 15:00:00,15.542158931655246
2024-06-29 16:00:00,15.00260745464466
2024-06-29 17:00:00,16.038757864588668
2024-06-29 18:00:00,37.31893647507874
2024-06-29 19:00:00,14.582622200616044
2024-06-29 20:00:00,14.973210455840508
2024-06-29 21:00:00,14.74097653101364
2024-06-29 22:00:00,14.73220957748972
2024-06-29 23:00:00,14.626271963032323
2024-06-30 00:00:00,14.719239109417584
2024-06-30 01:00:00,14.913380739775375
2024-06-30 02:00:00,14.660565918370864
2024-06-30 03:00:00,14.143687769614536
2024-06-30 04:00:00,14.187946275169583
2024-06-30 05:00:00,13.603197768518395
2024-06-30 06:00:00,13.977478978702305
2024-06-30 07:00:00,13.77911083939687
2024-06-30 08:00:00,14.372482459916244
2024-06-30 09:00:00,13.706313026444912
2024-06-30 10:00:00,13.8503848497665
2024-06-30 11:00:00,13.679128395519127
2024-06-30 12:00:00,13.973731805723826
2024-06-30 13:00:00,14.057409574398662
2024-06-30 14:00:00,15.185652335946886
2024-06-30 15:00:00,14.403279241236502
2024-06-30 16:00:00,14.368662382578378
2024-06-30 17:00:00,16.22453252512724
2024-06-30 18:00:00,16.196461727343948
2024-06-30 19:00:00,15.917376425951272
2024-06-30 20:00:00,16.350592620152106
2024-06-30 21:00:00,15.666502554767536
2024-06-30 22:00:00,16.143933843071274
2024-06-30 23:00:00,14.199908697927391
2024-07-01 00:00:00,14.254902968198191
2024-07-01 01:00:00,14.280469410188273
2024-07-01 02:00:00,13.862380910528596
2024-07-01 03:00:00,14.287070773231555
2024-07-01 04:00:00,14.28439729214518
2024-07-01 05:00:00,14.46439006409274
2024-07-01 06:00:00,14.779627801935034
2024-07-01 07:00:00,15.051334611727558
2024-07-01 08:00:00,15.0920719395485
2024-07-01 09:00:00,15.097642872954918
2024-07-01 10:00:00,15.431159570791529
2024-07-01 11:00:00,14.73687303810206
2024-07-01 12:00:00,15.13075579295508
2024-07-01 13:00:00,14.96567521009376
2024-07-01 14:00:00,15.915434508625928
2024-07-01 15:00:00,18.115489957363035
2024-07-01 16:00:00,19.403772253666467
2024-07-01 17:00:00,16.556227263259732
2024-07-01 18:00:00,40.49074062247534
2024-07-01 19:00:00,20.675993074102703
2024-07-01 20:00:00,15.200518165067775
2024-07-01 21:00:00,14.481151714681376
2024-07-01 22:00:00,14.24234156220472
2024-07-01 23:00:00,15.59327193080944
2024-07-02 00:00:00,14.9045956044275
2024-07-02 01:00:00,14.167834652052573
2024-07-02 02:00:00,13.736052309078133
2024-07-02 03:00:00,13.924810370019088
2024-07-02 04:00:00,14.007923810955056
2024-07-02 05:00:00,13.879805194247131
2024-07-02 06:00:00,15.10922744255346
2024-07-02 07:00:00,16.20919897351607
2024-07-02 08:00:00,13.796606402523716
2024-07-02 09:00:00,14.539992805345616
2024-07-02 10:00:00,15.145703448090392
2024-07-02 11:00:00,14.71928528117371
2024-07-02 12:00:00,14.692609719991928
2024-07-02 13:00:00,15.49089547375292
2024-07-02 14:00:00,15.06686222829097
2024-07-02 15:00:00,14.711669963588864
2024-07-02 16:00:00,14.430830999005776
2024-07-02 17:00:00,15.66735270962694
2024-07-02 18:00:00,16.064842293277824
2024-07-02 19:00:00,15.762065755273756
2024-07-02 20:00:00,15.978405728796629
2024-07-02 21:00:00,15.832925687901778
2024-07-02 22:00:00,15.747554059405218
2024-07-02 23:00:00,15.050553042640818
2024-07-03 00:00:00,15.840397116457348
2024-07-03 01:00:00,14.673555767316463
2024-07-03 02:00:00,14.493174553003596
2024-07-03 03:00:00,15.037687825124197
2024-07-03 04:00:00,14.403576901896594
2024-07-03 05:00:00,15.077995726689403
2024-07-03 06:00:00,15.2861803086347
2024-07-03 07:00:00,15.595831058176955
2024-07-03 08:00:00,14.8722125696162
2024-07-03 09:00:00,14.776282371684957
2024-07-03 10:00:00,15.46162841055651
2024-07-03 11:00:00,14.926625532987252
2024-07-03 12:00:00,15.537690402455535
2024-07-03 13:00:00,15.45147498520982
2024-07-03 14:00:00,15.21165802140848
2024-07-03 15:00:00,15.226253540462952
2024-07-03 16:00:00,15.089629993730048
2024-07-03 17:00:00,16.84538179757448
2024-07-03 18:00:00,15.9816184605849
2024-07-03 19:00:00,18.61581410822144
2024-07-03 20:00:00,37.81111840119874
2024-07-03 21:00:00,20.667574569799683
2024-07-03 22:00:00,17.517483026121138
2024-07-03 23:00:00,19.89089563121441
2024-07-04 00:00:00,14.197562127997957
2024-07-04 01:00:00,14.255020912588291
2024-07-04 02:00:00,14.353134544480234
2024-07-04 03:00:00,14.691058615399836
2024-07-04 04:00:00,14.51827483637296
2024-07-04 05:00:00,14.807076833547333
2024-07-04 06:00:00,15.164923585729342
2024-07-04 07:00:00,16.06084702057093
2024-07-04 08:00:00,15.948148825488506
2024-07-04 09:00:00,15.581271119167942
2024-07-04 10:00:00,16.053247417943833
2024-07-04 11:00:00,15.280452313773583
2024-07-04 12:00:00,16.84986867147252
2024-07-04 13:00:00,15.385123838266034
2024-07-04 14:00:00,15.747701201686324
2024-07-04 15:00:00,15.094059938739084
2024-07-04 16:00:00,15.15456904232741
2024-07-04 17:00:00,16.873922274395813
2024-07-04 18:00:00,16.75237870648261
2024-07-04 19:00:00,19.57354895469605
2024-07-04 20:00:00,17.355590620444733
2024-07-04 21:00:00,16.832686980897076
2024-07-04 22:00:00,16.27429435106468
2024-07-04 23:00:00,14.78759342932184
2024-07-05 00:00:00,15.683208572162146
2024-07-05 01:00:00,15.581021095188667
2024-07-05 02:00:00,15.336363468475994
2024-07-05 03:00:00,15.198162757720972
2024-07-05 04:00:00,15.037662403914034
2024-07-05 05:00:00,15.507899284471035
2024-07-05 06:00:00,15.896684267627768
2024-07-05 07:00:00,15.536321598964577
2024-07-05 08:00:00,16.20123908623706
2024-07-05 09:00:00,14.844901717908694
2024-07-05 10:00:00,15.41852591728859
2024-07-05 11:00:00,15.796372884983972
2024-07-05 12:00:00,15.617511315734324
2024-07-05 13:00:00,15.18683441554917
2024-07-05 14:00:00,15.532175348755327
2024-07-05 15:00:00,15.098291933881884
2024-07-05 16:00:00,15.78294174528569
2024-07-05 17:00:00,17.74698624767796
2024-07-05 18:00:00,18.6826239106757
2024-07-05 19:00:00,16.972899985170542
2024-07-05 20:00:00,16.705214866572287
2024-07-05 21:00:00,19.482728942614607
2024-07-05 22:00:00,17.080666545058378
2024-07-05 23:00:00,15.559455006140954
2024-07-06 00:00:00,15.029967206064088
2024-07-06 01:00:00,15.219674221635351
2024-07-06 02:00:00,19.64956773766805
2024-07-06 03:00:00,15.838758165662144
2024-07-06 04:00:00,15.622373484769431
2024-07-06 05:00:00,15.128279082179432
2024-07-06 06:00:00,15.53086190330955
2024-07-06 07:00:00,15.52071314031888
2024-07-06 08:00:00,15.43039549497174
2024-07-06 09:00:00,15.752824275885466
2024-07-06 10:00:00,15.942093835785608
2024-07-06 11:00:00,15.405137810620817
2024-07-06 12:00:00,15.36748787526005
2024-07-06 13:00:00,15.275020151296731
2024-07-06 14:00:00,15.282990763456423
2024-07-06 15:00:00,15.43090796238587
2024-07-06 16:00:00,15.32602260418098
2024-07-06 17:00:00,17.12231891295544
2024-07-06 18:00:00,19.145249142829293
2024-07-06 19:00:00,16.63948463127687
2024-07-06 20:00:00,16.57161936229764
2024-07-06 21:00:00,70.9684858225871
2024-07-06 22:00:00,16.167264069237977
2024-07-06 23:00:00,15.647430710242178
2024-07-07 00:00:00,15.331394729350755
2024-07-07 01:00:00,15.350451918160925
2024-07-07 02:00:00,15.197902954237977
2024-07-07 03:00:00,15.39170005648834
2024-07-07 04:00:00,14.896240639816694
2024-07-07 05:00:00,16.048679413738146
2024-07-07 06:00:00,15.204404058625142
2024-07-07 07:00:00,15.21051349153666
2024-07-07 08:00:00,15.12529389928511
2024-07-07 09:00:00,16.139929523881875
2024-07-07 10:00:00,16.37389230998594
2024-07-07 11:00:00,15.12109464557006
2024-07-07 12:00:00,15.81122614815738
2024-07-07 13:00:00,16.61705998269338
2024-07-07 14:00:00,15.4526062555671
2024-07-07 15:00:00,15.742267408853431
2024-07-07 16:00:00,15.71329367579908
2024-07-07 17:00:00,18.153682887534863
2024-07-07 18:00:00,16.99226116016917
2024-07-07 19:00:00,17.145897398046063
2024-07-07 20:00:00,17.296736376259886
2024-07-07 21:00:00,17.615233539137478
2024-07-07 22:00:00,16.74957658755136
2024-07-07 23:00:00,15.45860463123555
2024-07-08 00:00:00,15.435497949383548
2024-07-08 01:00:00,15.509369089475014
2024-07-08 02:00:00,18.34450949270322
2024-07-08 03:00:00,15.346070441294188
2024-07-08 04:00:00,15.5819874744716
2024-07-08 05:00:00,15.275613329567577
2024-07-08 06:00:00,16.126603461129733
2024-07-08 07:00:00,15.697414173150728
2024-07-08 08:00:00,15.794775604666071
2024-07-08 09:00:00,15.609202838831788
2024-07-08 10:00:00,16.9889577821475
2024-07-08 11:00:00,16.108366525420333
2024-07-08 12:00:00,15.728766020876767
2024-07-08 13:00:00,15.724777631415606
2024-07-08 14:00:00,15.993427727182734
2024-07-08 15:00:00,17.72221722834132
2024-07-08 16:00:00,16.396989749319374
2024-07-08 17:00:00,16.8382861994719
2024-07-08 18:00:00,41.292901069401694
2024-07-08 19:00:00,17.44655688795954
2024-07-08 20:00:00,14.60542971383719
2024-07-08 21:00:00,14.307332093924815
2024-07-08 22:00:00,14.56149780395132
2024-07-08 23:00:00,13.68045884146414
2024-07-09 00:00:00,13.96076314928017
2024-07-09 01:00:00,13.537437374704586
2024-07-09 02:00:00,13.694420047970326
2024-07-09 03:00:00,14.495994815018522
2024-07-09 04:00:00,14.042398604362058
2024-07-09 05:00:00,14.815582936245812
2024-07-09 06:00:00,14.363238645136777
2024-07-09 07:00:00,15.0592195973417
2024-07-09 08:00:00,14.776963033042206
2024-07-09 09:00:00,14.594807354649204
2024-07-09 10:00:00,15.28087053893042
2024-07-09 11:00:00,14.771044118703768
2024-07-09 12:00:00,14.524723683952638
2024-07-09 13:00:00,15.337844386445433
2024-07-09 14:00:00,15.502205783906165
2024-07-09 15:00:00,14.545724015087092
2024-07-09 16:00:00,14.651136802745912
2024-07-09 17:00:00,38.12989575389658
2024-07-09 18:00:00,20.727369978199192
2024-07-09 19:00:00,14.500266261201206
2024-07-09 20:00:00,15.063400385768327
2024-07-09 21:00:00,15.270805899675365
2024-07-09 22:00:00,14.843632116640771
2024-07-09 23:00:00,14.160994877630312
2024-07-10 00:00:00,14.8887134119383
2024-07-10 01:00:00,14.742620722385167
2024-07-10 02:00:00,15.12230960589034
2024-07-10 03:00:00,14.767891067311576
2024-07-10 04:00:00,14.937539199340971
2024-07-10 05:00:00,14.944479432319543
2024-07-10 06:00:00,21.036261619390302
2024-07-10 07:00:00,16.129333207559714
2024-07-10 08:00:00,21.22461682836236
2024-07-10 09:00:00,20.64822112791097
2024-07-10 10:00:00,15.311659499996992
2024-07-10 11:00:00,16.619102336685682
2024-07-10 12:00:00,16.03737360087953
2024-07-10 13:00:00,15.945697557837288
2024-07-10 14:00:00,16.802227258003988
2024-07-10 15:00:00,16.912867998048682
2024-07-10 16:00:00,16.20413026357618
2024-07-10 17:00:00,17.508701477700313
2024-07-10 18:00:00,18.563151011409182
2024-07-10 19:00:00,20.08691849898304
2024-07-10 20:00:00,18.29905635323891
2024-07-10 21:00:00,17.261203647362397
2024-07-10 22:00:00,17.307344273260483
2024-07-10 23:00:00,17.13785758838002
2024-07-11 00:00:00,16.434885971449752
2024-07-11 01:00:00,15.992601496878104
2024-07-11 02:00:00,17.838323120286212
2024-07-11 03:00:00,20.08296101647708
2024-07-11 04:00:00,15.149423925839349
2024-07-11 05:00:00,15.517573778723197
2024-07-11 06:00:00,15.692733409264614
2024-07-11 07:00:00,15.647399284082194
2024-07-11 08:00:00,15.772678311406768
2024-07-11 09:00:00,15.82219680113664
2024-07-11 10:00:00,15.248301907273024
2024-07-11 11:00:00,17.017077957661463
2024-07-11 12:00:00,16.080234359405534
2024-07-11 13:00:00,15.997449817195683
2024-07-11 14:00:00,16.017301229033556
2024-07-11 15:00:00,15.844153625888824
2024-07-11 16:00:00,15.511074503797229
2024-07-11 17:00:00,17.83227576481739
2024-07-11 18:00:00,39.9410202146967
2024-07-11 19:00:00,22.106083892815857
2024-07-11 20:00:00,16.30420866608505
2024-07-11 21:00:00,15.756087707911774
2024-07-11 22:00:00,15.491444777478572
2024-07-11 23:00:00,15.538851480658142
2024-07-12 00:00:00,35.7574057741613
2024-07-12 01:00:00,19.891168175473048
2024-07-12 02:00:00,15.332097686854564
2024-07-12 03:00:00,19.449762003250434
2024-07-12 04:00:00,15.871703696786046
2024-07-12 05:00:00,15.91977375810892
2024-07-12 06:00:00,16.07955474515969
2024-07-12 07:00:00,15.918954238805526
2024-07-12 08:00:00,16.405205985600666
2024-07-12 09:00:00,16.246684873872884
2024-07-12 10:00:00,16.221993429604538
2024-07-12 11:00:00,16.216506114360474
2024-07-12 12:00:00,16.497379391300857
2024-07-12 13:00:00,17.206395263486947
2024-07-12 14:00:00,17.74515933717779
2024-07-12 15:00:00,18.00994690897949
2024-07-12 16:00:00,18.25963564271836
2024-07-12 17:00:00,18.292410686983565
2024-07-12 18:00:00,35.23917337921196
2024-07-12 19:00:00,20.65764347882394
2024-07-12 20:00:00,16.786090861423766
2024-07-12 21:00:00,21.687487065178416
2024-07-12 22:00:00,16.222137487269162
2024-07-12 23:00:00,15.740073648580331
2024-07-13 00:00:00,16.594398855006233
2024-07-13 01:00:00,16.13313806764746
2024-07-13 02:00:00,19.858013812104005
2024-07-13 03:00:00,16.259815946175873
2024-07-13 04:00:00,16.349176716987202
2024-07-13 05:00:00,16.25304194533118
2024-07-13 06:00:00,15.99922646850708
2024-07-13 07:00:00,16.632163305194055
2024-07-13 08:00:00,16.599919672015503
2024-07-13 09:00:00,16.538521759009893
2024-07-13 10:00:00,16.559147628854326
2024-07-13 11:00:00,17.310623510568906
2024-07-13 12:00:00,16.668817993932038
2024-07-13 13:00:00,18.820367504366185
2024-07-13 14:00:00,16.712508138772893
2024-07-13 15:00:00,16.837858216667836
2024-07-13 16:00:00,16.80280279620347
2024-07-13 17:00:00,18.42609540773017
2024-07-13 18:00:00,18.30077747864587
2024-07-13 19:00:00,18.277828599367112
2024-07-13 20:00:00,18.10103253723968
2024-07-13 21:00:00,19.253402506034107
2024-07-13 22:00:00,18.64397816076528
2024-07-13 23:00:00,17.828267451930806
2024-07-14 00:00:00,18.08507128403241
2024-07-14 01:00:00,17.560607054165356
2024-07-14 02:00:00,17.509274995109518
2024-07-14 03:00:00,17.059371187439957
2024-07-14 04:00:00,16.975637918086022
2024-07-14 05:00:00,16.546336731235897
2024-07-14 06:00:00,16.96076578063615
2024-07-14 07:00:00,17.251430439552063
2024-07-14 08:00:00,17.42787214817207
2024-07-14 09:00:00,17.27989174569606
2024-07-14 10:00:00,18.49865986923237
2024-07-14 11:00:00,17.04268218131109
2024-07-14 12:00:00,17.463970650264855
2024-07-14 13:00:00,17.07825096615344
2024-07-14 14:00:00,17.787362803837315
2024-07-14 15:00:00,17.562338713822825
2024-07-14 16:00:00,16.819719128475196
2024-07-14 17:00:00,18.71263811904921
2024-07-14 18:00:00,18.895483654312898
2024-07-14 19:00:00,18.055234482847457
2024-07-14 20:00:00,19.0824142415148
2024-07-14 21:00:00,18.48501691043523
2024-07-14 22:00:00,18.39258386512721
2024-07-14 23:00:00,17.267303662315
2024-07-15 00:00:00,17.236987561373443
2024-07-15 01:00:00,17.08723834945049
2024-07-15 02:00:00,16.960654632823836
2024-07-15 03:00:00,17.07105307290715
2024-07-15 04:00:00,17.17474621929574
2024-07-15 05:00:00,17.66985389309427
2024-07-15 06:00:00,18.051741257977845
2024-07-15 07:00:00,17.5675090259564
2024-07-15 08:00:00,17.641618929955392
2024-07-15 09:00:00,17.37720948237803
2024-07-15 10:00:00,17.936573455478392
2024-07-15 11:00:00,18.33749168680943
2024-07-15 12:00:00,17.958797217170975
2024-07-15 13:00:00,18.029794963478047
2024-07-15 14:00:00,18.432169747180232
2024-07-15 15:00:00,20.081988114841817
2024-07-15 16:00:00,17.744485392756616
2024-07-15 17:00:00,19.93833312970921
2024-07-15 18:00:00,34.34546046452971
2024-07-15 19:00:00,17.4470437237403
2024-07-15 20:00:00,16.187819249025168
2024-07-15 21:00:00,16.730942600505628
2024-07-15 22:00:00,15.6491432087935
2024-07-15 23:00:00,15.766993212709783
2024-07-16 00:00:00,16.209810177605622
2024-07-16 01:00:00,21.877414350157743
2024-07-16 02:00:00,21.373256060238223
2024-07-16 03:00:00,17.14024756350585
2024-07-16 04:00:00,16.82520446613479
2024-07-16 05:00:00,17.83888215929788
2024-07-16 06:00:00,17.6196406312869
2024-07-16 07:00:00,17.314781302438607
2024-07-16 08:00:00,18.06994241621509
2024-07-16 09:00:00,17.87620960866011
2024-07-16 10:00:00,18.02805536607621
2024-07-16 11:00:00,18.621858497501933
2024-07-16 12:00:00,18.26298734029527
2024-07-16 13:00:00,17.957893192092428
2024-07-16 14:00:00,18.520367852551463
2024-07-16 15:00:00,23.94182977880368
2024-07-16 16:00:00,18.094706093295137
2024-07-16 17:00:00,35.716684755198095
2024-07-16 18:00:00,26.27430183050216
2024-07-16 19:00:00,20.16214796222305
2024-07-16 20:00:00,18.06375266595631
2024-07-16 21:00:00,16.68739686354609
2024-07-16 22:00:00,16.199787699627834
2024-07-16 23:00:00,15.948968085015718
2024-07-17 00:00:00,15.661996876029235
2024-07-17 01:00:00,16.183574785693665
2024-07-17 02:00:00,16.241699564869368
2024-07-17 03:00:00,19.38219168883056
2024-07-17 04:00:00,16.50185283154583
2024-07-17 05:00:00,17.554402899782488
2024-07-17 06:00:00,17.332488997283892
2024-07-17 07:00:00,17.279941419619284
2024-07-17 08:00:00,18.492977466592933
2024-07-17 09:00:00,17.487026691469453
2024-07-17 10:00:00,17.57574279093159
2024-07-17 11:00:00,17.89600711639696
2024-07-17 12:00:00,18.041384218293505
2024-07-17 13:00:00,18.163159144031702
2024-07-17 14:00:00,17.73999849777465
2024-07-17 15:00:00,17.97846164044046
2024-07-17 16:00:00,18.042830536846225
2024-07-17 17:00:00,20.817672570790947
2024-07-17 18:00:00,18.820806528901
2024-07-17 19:00:00,21.65752088610912
2024-07-17 20:00:00,22.578950761533136
2024-07-17 21:00:00,19.13650758957008
2024-07-17 22:00:00,19.37401484837369
2024-07-17 23:00:00,23.233498861558736
2024-07-18 00:00:00,17.76885368045274
2024-07-18 01:00:00,18.37895989752259
2024-07-18 02:00:00,17.37897497104185
2024-07-18 03:00:00,17.778875587388058
2024-07-18 04:00:00,17.54087092539607
2024-07-18 05:00:00,17.069082631980358
2024-07-18 06:00:00,17.54755177202702
2024-07-18 07:00:00,18.186054257569367
2024-07-18 08:00:00,17.924992139270614
2024-07-18 09:00:00,17.436114406953013
2024-07-18 10:00:00,20.900501023823605
2024-07-18 11:00:00,18.126810524274045
2024-07-18 12:00:00,17.90296729711558
2024-07-18 13:00:00,18.02115225171877
2024-07-18 14:00:00,18.24913130772325
2024-07-18 15:00:00,18.2672819063702
2024-07-18 16:00:00,17.96597680882227
2024-07-18 17:00:00,20.778124652387408
2024-07-18 18:00:00,19.001803181086025
2024-07-18 19:00:00,22.027051545365243
2024-07-18 20:00:00,19.49373672629472
2024-07-18 21:00:00,19.795541288251
2024-07-18 22:00:00,18.64032552665025
2024-07-18 23:00:00,17.919363213317745
2024-07-19 00:00:00,18.06023763769359
2024-07-19 01:00:00,18.01949716618712
2024-07-19 02:00:00,17.941245254868846
2024-07-19 03:00:00,23.716255794274275
2024-07-19 04:00:00,22.133388405202293
2024-07-19 05:00:00,16.434088953680305
2024-07-19 06:00:00,17.06596910686796
2024-07-19 07:00:00,16.880695927775903
2024-07-19 08:00:00,17.49919034111038
2024-07-19 09:00:00,18.571294948770102
2024-07-19 10:00:00,17.55706415741332
2024-07-19 11:00:00,17.31700823151572
2024-07-19 12:00:00,17.47781572762741
2024-07-19 13:00:00,17.144756643491608
2024-07-19 14:00:00,17.87979671884819
2024-07-19 15:00:00,17.13298376985381
2024-07-19 16:00:00,17.340473291543564
2024-07-19 17:00:00,20.44506713749749
2024-07-19 18:00:00,18.27874294972664
2024-07-19 19:00:00,43.30842986416541
2024-07-19 20:00:00,17.332410771551498
2024-07-19 21:00:00,20.19278094773388
2024-07-19 22:00:00,15.94848066004901
2024-07-19 23:00:00,15.763066226979207
2024-07-20 00:00:00,15.942312925637044
2024-07-20 01:00:00,16.08842249337687
2024-07-20 02:00:00,16.04033087942314
2024-07-20 03:00:00,16.021494116282607
2024-07-20 04:00:00,16.26011850026983
2024-07-20 05:00:00,16.133713011300333
2024-07-20 06:00:00,16.263574915552567
2024-07-20 07:00:00,16.26626606200164
2024-07-20 08:00:00,16.17846246421938
2024-07-20 09:00:00,16.25540267731681
2024-07-20 10:00:00,16.53616413591291
2024-07-20 11:00:00,16.635780935600412
2024-07-20 12:00:00,16.601208494392953
2024-07-20 13:00:00,17.29391226082943
2024-07-20 14:00:00,17.064632618820063
2024-07-20 15:00:00,17.002729895868605
2024-07-20 16:00:00,16.788438688513633
2024-07-20 17:00:00,18.31083249760144
2024-07-20 18:00:00,18.49121115225165
2024-07-20 19:00:00,34.20193664995472
2024-07-20 20:00:00,21.60711094614644
2024-07-20 21:00:00,13.190137557873824
2024-07-20 22:00:00,17.53799133717639
2024-07-20 23:00:00,17.511107414386668
2024-07-21 00:00:00,17.36258827445204
2024-07-21 01:00:00,17.823051951184812
2024-07-21 02:00:00,17.686669599126365
2024-07-21 03:00:00,17.636982869009017
2024-07-21 04:00:00,17.846524097805464
2024-07-21 05:00:00,16.199737202154562
2024-07-21 06:00:00,16.91057927895115
2024-07-21 07:00:00,16.87163565272524
2024-07-21 08:00:00,17.3100467297568
2024-07-21 09:00:00,18.58355617378306
2024-07-21 10:00:00,16.591779946993682
2024-07-21 11:00:00,16.940586419280475
2024-07-21 12:00:00,17.223778568304972
2024-07-21 13:00:00,17.515537563014668
2024-07-21 14:00:00,17.71865302165407
2024-07-21 15:00:00,17.48111046899603
2024-07-21 16:00:00,17.335175710772546
2024-07-21 17:00:00,19.18439149875641
2024-07-21 18:00:00,18.641056348693404
2024-07-21 19:00:00,18.913188382980653
2024-07-21 20:00:00,18.86545438009856
2024-07-21 21:00:00,19.0002631239062
2024-07-21 22:00:00,18.072607417721816
2024-07-21 23:00:00,17.297991533847554
2024-07-22 00:00:00,17.533575627184103
2024-07-22 01:00:00,17.022002792968614
2024-07-22 02:00:00,16.87805885808852
2024-07-22 03:00:00,17.225320008284854
2024-07-22 04:00:00,17.4364874324056
2024-07-22 05:00:00,18.67203414759193
2024-07-22 06:00:00,17.726632559856338
2024-07-22 07:00:00,18.19969106334964
2024-07-22 08:00:00,17.611710629845714
2024-07-22 09:00:00,17.79103649005884
2024-07-22 10:00:00,18.452364273850243
2024-07-22 11:00:00,17.90722879453762
2024-07-22 12:00:00,18.21713498375463
2024-07-22 13:00:00,17.806268644708897
2024-07-22 14:00:00,18.703955663372305
2024-07-22 15:00:00,21.992406549665827
2024-07-22 16:00:00,18.45377953649178
2024-07-22 17:00:00,20.485651034539515
2024-07-22 18:00:00,19.76123667736769
2024-07-22 19:00:00,19.56141230110787
2024-07-22 20:00:00,36.5248329234271
2024-07-22 21:00:00,18.977768230517988
2024-07-22 22:00:00,16.09885120215092
2024-07-22 23:00:00,17.16613259535228
2024-07-23 00:00:00,15.983830087104373
2024-07-23 01:00:00,19.64217448353705
2024-07-23 02:00:00,17.492661737213286
2024-07-23 03:00:00,17.131647544788898
2024-07-23 04:00:00,17.563874304788957
2024-07-23 05:00:00,17.854554470925088
2024-07-23 06:00:00,18.0930889430227
2024-07-23 07:00:00,19.06452427035552
2024-07-23 08:00:00,18.887234013158263
2024-07-23 09:00:00,17.401382868538278
2024-07-23 10:00:00,18.14145022638757
2024-07-23 11:00:00,17.848614672711424
2024-07-23 12:00:00,18.83014647812024
2024-07-23 13:00:00,18.094093340771
2024-07-23 14:00:00,18.4604912197834
2024-07-23 15:00:00,18.20926450881683
2024-07-23 16:00:00,18.301552587032308
2024-07-23 17:00:00,21.47629910138876
2024-07-23 18:00:00,39.55606282427809
2024-07-23 19:00:00,22.72104955925854
2024-07-23 20:00:00,18.12965854182871
2024-07-23 21:00:00,16.240615248440857
2024-07-23 22:00:00,15.77497841616154
2024-07-23 23:00:00,15.90717323761826
2024-07-24 00:00:00,16.36832379166463
2024-07-24 01:00:00,15.69215042124795
2024-07-24 02:00:00,16.03732122357537
2024-07-24 03:00:00,16.29912900004645
2024-07-24 04:00:00,19.54853038783778
2024-07-24 05:00:00,16.826011762859608
2024-07-24 06:00:00,16.956041985925022
2024-07-24 07:00:00,16.9309176183262
2024-07-24 08:00:00,17.070254760315805
2024-07-24 09:00:00,17.84316975762285
2024-07-24 10:00:00,17.10071869635432
2024-07-24 11:00:00,17.050128350855086
2024-07-24 12:00:00,17.516023780615104
2024-07-24 13:00:00,17.223928226900156
2024-07-24 14:00:00,17.234414074543118
2024-07-24 15:00:00,17.551298651555893
2024-07-24 16:00:00,17.61724577054747
2024-07-24 17:00:00,19.157138060383257
2024-07-24 18:00:00,18.85258401721798
2024-07-24 19:00:00,22.40391389286929
2024-07-24 20:00:00,19.1686612807687
2024-07-24 21:00:00,18.896151897771126
2024-07-24 22:00:00,18.69549697039176
2024-07-24 23:00:00,21.768810611019656
2024-07-25 00:00:00,16.97441702919133
2024-07-25 01:00:00,16.955463694452753
2024-07-25 02:00:00,17.02714119128079
2024-07-25 03:00:00,17.433513572581248
2024-07-25 04:00:00,17.047503503010564
2024-07-25 05:00:00,18.01532260592651
2024-07-25 06:00:00,19.05862717686397
2024-07-25 07:00:00,20.737377187299305
2024-07-25 08:00:00,18.081223558329626
2024-07-25 09:00:00,17.66174550877907
2024-07-25 10:00:00,17.041621514867774
2024-07-25 11:00:00,17.819301585022345
2024-07-25 12:00:00,17.670355218140227
2024-07-25 13:00:00,17.921878142462347
2024-07-25 14:00:00,17.83039138652494
2024-07-25 15:00:00,17.95263767123554
2024-07-25 16:00:00,17.744895097023495
2024-07-25 17:00:00,18.68903556287072
2024-07-25 18:00:00,18.471992132022145
2024-07-25 19:00:00,20.67176225810367
2024-07-25 20:00:00,20.79361163929969
2024-07-25 21:00:00,18.184533499603727
2024-07-25 22:00:00,18.360011221583903
2024-07-25 23:00:00,18.04075944534134
2024-07-26 00:00:00,18.59771282376333
2024-07-26 01:00:00,18.421091758196063
2024-07-26 02:00:00,18.07549350315511
2024-07-26 03:00:00,18.28676223290497
2024-07-26 04:00:00,18.232267605694897
2024-07-26 05:00:00,18.309310517074707
2024-07-26 06:00:00,18.36934679584886
2024-07-26 07:00:00,18.613399086306245
2024-07-26 08:00:00,18.167119152761085
2024-07-26 09:00:00,17.892783427407185
2024-07-26 10:00:00,18.21151820119205
2024-07-26 11:00:00,18.89732249032457
2024-07-26 12:00:00,18.39602861913848
2024-07-26 13:00:00,18.484933272370373
2024-07-26 14:00:00,19.02700825922445
2024-07-26 15:00:00,18.87979910557827
2024-07-26 16:00:00,18.672186428859515
2024-07-26 17:00:00,23.313361274995863
2024-07-26 18:00:00,43.95046896982754
2024-07-26 19:00:00,18.11273111879898
2024-07-26 20:00:00,16.98414659245151
2024-07-26 21:00:00,23.145478490667493
2024-07-26 22:00:00,17.201648884085905
2024-07-26 23:00:00,17.382369148550687
2024-07-27 00:00:00,17.480173072377845
2024-07-27 01:00:00,16.756508373334096
2024-07-27 02:00:00,16.490286109680476
2024-07-27 03:00:00,17.357653414319767
2024-07-27 04:00:00,19.678950230300856
2024-07-27 05:00:00,20.60012074579059
2024-07-27 06:00:00,16.938643605349963
2024-07-27 07:00:00,16.906733847243718
2024-07-27 08:00:00,17.106082613158787
2024-07-27 09:00:00,16.743144609063123
2024-07-27 10:00:00,17.1800919474717
2024-07-27 11:00:00,22.81518670247734
2024-07-27 12:00:00,16.952993757964745
2024-07-27 13:00:00,17.061548434172142
2024-07-27 14:00:00,17.468081040611146
2024-07-27 15:00:00,17.261793816353318
2024-07-27 16:00:00,17.170716133003207
2024-07-27 17:00:00,19.715064335325025
2024-07-27 18:00:00,41.2603692930406
2024-07-27 19:00:00,21.34977105219536
2024-07-27 20:00:00,17.19236517621457
2024-07-27 21:00:00,17.14704868637387
2024-07-27 22:00:00,16.928483315289405
2024-07-27 23:00:00,16.807899025678317
2024-07-28 00:00:00,17.9975671563734
2024-07-28 01:00:00,17.4482412980188
2024-07-28 02:00:00,17.60095768020239
2024-07-28 03:00:00,17.690180001315653
2024-07-28 04:00:00,17.817057158355855
2024-07-28 05:00:00,16.960791741030064
2024-07-28 06:00:00,16.913996173127487
2024-07-28 07:00:00,16.85828883598731
2024-07-28 08:00:00,17.557050913781218
2024-07-28 09:00:00,17.17626680449264
2024-07-28 10:00:00,17.16690247261137
2024-07-28 11:00:00,17.376805434775097
2024-07-28 12:00:00,17.015715250509736
2024-07-28 13:00:00,17.286254535670526
2024-07-28 14:00:00,16.95652378452865
2024-07-28 15:00:00,17.855466153702654
2024-07-28 16:00:00,16.90886173538967
2024-07-28 17:00:00,20.6008916444143
2024-07-28 18:00:00,18.18751576965594
2024-07-28 19:00:00,18.27363327437052
2024-07-28 20:00:00,20.27992698695288
2024-07-28 21:00:00,18.58867406957316
2024-07-28 22:00:00,18.846009941330607
2024-07-28 23:00:00,18.029312497220968
2024-07-29 00:00:00,17.215741675993627
2024-07-29 01:00:00,17.076310308557186
2024-07-29 02:00:00,17.533854059240653
2024-07-29 03:00:00,17.23895580836625
2024-07-29 04:00:00,18.166470015890145
2024-07-29 05:00:00,17.68629105196917
2024-07-29 06:00:00,17.76963460205259
2024-07-29 07:00:00,18.019732688684552
2024-07-29 08:00:00,18.88818546464875
2024-07-29 09:00:00,17.876775142396994
2024-07-29 10:00:00,17.971148386906833
2024-07-29 11:00:00,18.706201077496857
2024-07-29 12:00:00,18.86295989300444
2024-07-29 13:00:00,18.554280370998107
2024-07-29 14:00:00,18.463924490389537
2024-07-29 15:00:00,20.8232775613282
2024-07-29 16:00:00,18.35842658076792
2024-07-29 17:00:00,19.998212911720625
2024-07-29 18:00:00,19.918218231412773
2024-07-29 19:00:00,20.025071735917983
2024-07-29 20:00:00,20.007895177654365
2024-07-29 21:00:00,19.398510436130493
2024-07-29 22:00:00,19.40001488107196
2024-07-29 23:00:00,18.345217234437698
2024-07-30 00:00:00,18.254001189735664
2024-07-30 01:00:00,17.507555159927595
2024-07-30 02:00:00,18.220762151357484
2024-07-30 03:00:00,18.27585925144537
2024-07-30 04:00:00,18.185842165387143
2024-07-30 05:00:00,18.14204362322896
2024-07-30 06:00:00,18.826824489104112
2024-07-30 07:00:00,18.632610555843225
2024-07-30 08:00:00,19.306100342267293
2024-07-30 09:00:00,18.15929964467911
2024-07-30 10:00:00,18.391877847829843
2024-07-30 11:00:00,18.942715622489512
2024-07-30 12:00:00,18.68598795159648
2024-07-30 13:00:00,18.79397089968305
2024-07-30 14:00:00,19.664935657329643
2024-07-30 15:00:00,18.85189373170695
2024-07-30 16:00:00,18.91568234170618
2024-07-30 17:00:00,20.224638319881947
2024-07-30 18:00:00,24.80324747583692
2024-07-30 19:00:00,20.728067649682803
2024-07-30 20:00:00,20.24660362675796
2024-07-30 21:00:00,19.628976031912487
2024-07-30 22:00:00,20.44964776902332
2024-07-30 23:00:00,18.964058157102546
2024-07-31 00:00:00,18.598800085956924
2024-07-31 01:00:00,18.24740214469934
2024-07-31 02:00:00,18.66868097787916
2024-07-31 03:00:00,18.056697856869192
2024-07-31 04:00:00,19.107392136160016
2024-07-31 05:00:00,18.37067781076393
2024-07-31 06:00:00,18.819061759582816
2024-07-31 07:00:00,18.79701380516456
2024-07-31 08:00:00,18.77714324046188
2024-07-31 09:00:00,19.154703434116858
2024-07-31 10:00:00,19.4473547631337
2024-07-31 11:00:00,19.10554317495422
2024-07-31 12:00:00,19.23177390699368
2024-07-31 13:00:00,19.66762063740332
2024-07-31 14:00:00,18.999326212022247
2024-07-31 15:00:00,19.63774447881558
2024-07-31 16:00:00,18.946506440432543
2024-07-31 17:00:00,20.344267753072792
2024-07-31 18:00:00,21.2216507187373
2024-07-31 19:00:00,23.610460371265745
2024-07-31 20:00:00,20.266858374313344
2024-07-31 21:00:00,20.59956003789214
2024-07-31 22:00:00,20.31053995849735
2024-07-31 23:00:00,24.601298022936938
2024-08-01 00:00:00,19.83328454628641
2024-08-01 01:00:00,18.973540832627616
2024-08-01 02:00:00,18.88753724651665
2024-08-01 03:00:00,18.572833853320727
2024-08-01 04:00:00,18.54307344311956
2024-08-01 05:00:00,18.67787813399747
2024-08-01 06:00:00,19.257093285276103
2024-08-01 07:00:00,18.82373731542696
2024-08-01 08:00:00,19.690800025423336
2024-08-01 09:00:00,19.07262299272618
2024-08-01 10:00:00,19.194027150023217
2024-08-01 11:00:00,19.3937415922788
2024-08-01 12:00:00,20.000043523366426
2024-08-01 13:00:00,19.24239996862424
2024-08-01 14:00:00,20.23716491103574
2024-08-01 15:00:00,19.279507659914664
2024-08-01 16:00:00,19.724577018832097
2024-08-01 17:00:00,20.8472382154762
2024-08-01 18:00:00,19.73503032686364
2024-08-01 19:00:00,23.361354524499355
2024-08-01 20:00:00,20.40105647125568
2024-08-01 21:00:00,20.19213829772604
2024-08-01 22:00:00,19.74526150262649
2024-08-01 23:00:00,18.78156521750684
2024-08-02 00:00:00,18.954525079852296
2024-08-02 01:00:00,21.36874043555869
2024-08-02 02:00:00,17.84206634276066
2024-08-02 03:00:00,18.11257086900983
2024-08-02 04:00:00,18.00690729967182
2024-08-02 05:00:00,17.987752402351415
2024-08-02 06:00:00,18.802374561927746
2024-08-02 07:00:00,18.3482643277471
2024-08-02 08:00:00,18.62089135342051
2024-08-02 09:00:00,17.95921695369376
2024-08-02 10:00:00,18.25837841805355
2024-08-02 11:00:00,24.091171278776216
2024-08-02 12:00:00,22.53160997391152
2024-08-02 13:00:00,23.15869308006133
2024-08-02 14:00:00,21.949113304654457
2024-08-02 15:00:00,18.310031011160408
2024-08-02 16:00:00,18.07355453142712
2024-08-02 17:00:00,19.761617568668303
2024-08-02 18:00:00,18.25460606777661
2024-08-02 19:00:00,18.483299493815384
2024-08-02 20:00:00,41.96319182479199
2024-08-02 21:00:00,22.530549278140413
2024-08-02 22:00:00,15.488582184643391
2024-08-02 23:00:00,16.277647040069084
2024-08-03 00:00:00,15.958880255161167
2024-08-03 01:00:00,16.13243495211015
2024-08-03 02:00:00,16.550922059413505
2024-08-03 03:00:00,16.1185264725469
2024-08-03 04:00:00,16.260658818699447
2024-08-03 05:00:00,15.73613135695902
2024-08-03 06:00:00,16.193203741979694
2024-08-03 07:00:00,19.162731489811726
2024-08-03 08:00:00,16.28248199270178
2024-08-03 09:00:00,16.55070278750428
2024-08-03 10:00:00,16.238547030345178
2024-08-03 11:00:00,16.865652164036796
2024-08-03 12:00:00,15.946825905111668
2024-08-03 13:00:00,16.74478074568965
2024-08-03 14:00:00,16.407670612727813
2024-08-03 15:00:00,16.847861273679218
2024-08-03 16:00:00,16.759708877575903
2024-08-03 17:00:00,19.68981117334432
2024-08-03 18:00:00,17.53960661492434
2024-08-03 19:00:00,17.6160396958008
2024-08-03 20:00:00,18.10436204114004
2024-08-03 21:00:00,18.742724991799268
2024-08-03 22:00:00,18.86441923271379
2024-08-03 23:00:00,17.600168368695392
2024-08-04 00:00:00,17.244054932627392
2024-08-04 01:00:00,17.385857656158528
2024-08-04 02:00:00,17.402183154283787
2024-08-04 03:00:00,16.85945376820592
2024-08-04 04:00:00,17.075365226139407
2024-08-04 05:00:00,17.04561598610549
2024-08-04 06:00:00,17.705230973272897
2024-08-04 07:00:00,17.325800420651664
2024-08-04 08:00:00,16.420391527132484
2024-08-04 09:00:00,17.1722974556183
2024-08-04 10:00:00,16.471485281462787
2024-08-04 11:00:00,16.48505752611865
2024-08-04 12:00:00,16.444046175227275
2024-08-04 13:00:00,16.430891318260795
2024-08-04 14:00:00,16.459377439510593
2024-08-04 15:00:00,17.128751130028164
2024-08-04 16:00:00,16.39596185808798
2024-08-04 17:00:00,18.65404937043011
2024-08-04 18:00:00,18.33614300882074
2024-08-04 19:00:00,17.739179972957757
2024-08-04 20:00:00,18.04775895635715
2024-08-04 21:00:00,18.98556118712012
2024-08-04 22:00:00,17.38872079452194
2024-08-04 23:00:00,17.056152923558287
2024-08-05 00:00:00,16.73829778211999
2024-08-05 01:00:00,16.312509148903356
2024-08-05 02:00:00,16.161134246171994
2024-08-05 03:00:00,16.368985463721426
2024-08-05 04:00:00,16.80286208102039
2024-08-05 05:00:00,16.65484013897837
2024-08-05 06:00:00,17.179233242919228
2024-08-05 07:00:00,16.693891042472043
2024-08-05 08:00:00,17.228694487661343
2024-08-05 09:00:00,16.784090203244595
2024-08-05 10:00:00,16.95410097435254
2024-08-05 11:00:00,17.037338300194453
2024-08-05 12:00:00,17.085972838782634
2024-08-05 13:00:00,17.778317204179405
2024-08-05 14:00:00,17.343313424946416
2024-08-05 15:00:00,19.436874467989057
2024-08-05 16:00:00,17.359078894753875
2024-08-05 17:00:00,20.158558110841067
2024-08-05 18:00:00,18.67492765953252
2024-08-05 19:00:00,19.14111550562604
2024-08-05 20:00:00,18.826829586467056
2024-08-05 21:00:00,19.721271766933377
2024-08-05 22:00:00,18.72345956757084
2024-08-05 23:00:00,17.033077081548058
2024-08-06 00:00:00,17.30173136234106
2024-08-06 01:00:00,17.525682172350887
2024-08-06 02:00:00,17.19701219280345
2024-08-06 03:00:00,17.21777082500615
2024-08-06 04:00:00,17.70233437309181
2024-08-06 05:00:00,17.62568647426104
2024-08-06 06:00:00,17.787317412465676
2024-08-06 07:00:00,17.969787872402634
2024-08-06 08:00:00,18.307453147536908
2024-08-06 09:00:00,17.760677515963064
2024-08-06 10:00:00,17.77262606699911
2024-08-06 11:00:00,18.34384447730151
2024-08-06 12:00:00,18.23919775538848
2024-08-06 13:00:00,19.85881311287189
2024-08-06 14:00:00,19.26545933409132
2024-08-06 15:00:00,18.482815329171043
2024-08-06 16:00:00,18.26917981253836
2024-08-06 17:00:00,20.375227045031675
2024-08-06 18:00:00,32.06046982898248
2024-08-06 19:00:00,19.91816213445109
2024-08-06 20:00:00,19.60040340393372
2024-08-06 21:00:00,19.854332293607506
2024-08-06 22:00:00,19.553466394185435
2024-08-06 23:00:00,18.46508600074813
2024-08-07 00:00:00,17.64115265886851
2024-08-07 01:00:00,17.951210560273896
2024-08-07 02:00:00,17.35441384292703
2024-08-07 03:00:00,17.673246329645973
2024-08-07 04:00:00,18.225238941644083
2024-08-07 05:00:00,18.469801660347983
2024-08-07 06:00:00,18.695291481829955
2024-08-07 07:00:00,18.80174782764693
2024-08-07 08:00:00,18.56854015045881
2024-08-07 09:00:00,18.157800967536325
2024-08-07 10:00:00,18.439689786957096
2024-08-07 11:00:00,18.299018001824265
2024-08-07 12:00:00,18.66609614083066
2024-08-07 13:00:00,18.330172550413973
2024-08-07 14:00:00,19.00771043092057
2024-08-07 15:00:00,18.77927171522591
2024-08-07 16:00:00,19.09192491971514
2024-08-07 17:00:00,20.834102238324466
2024-08-07 18:00:00,21.509213784462755
2024-08-07 19:00:00,22.78463991264072
2024-08-07 20:00:00,19.78347565157807
2024-08-07 21:00:00,19.213149854083515
2024-08-07 22:00:00,18.88657839640541
2024-08-07 23:00:00,23.75664912274829
2024-08-08 00:00:00,18.72524266604815
2024-08-08 01:00:00,18.197462434703468
2024-08-08 02:00:00,18.07826312235313
2024-08-08 03:00:00,18.189574391648524
2024-08-08 04:00:00,18.42856795287987
2024-08-08 05:00:00,18.506608709127363
2024-08-08 06:00:00,18.926503390821583
2024-08-08 07:00:00,19.045420180850293
2024-08-08 08:00:00,19.143156569963573
2024-08-08 09:00:00,18.95953258918713
2024-08-08 10:00:00,18.525424108150016
2024-08-08 11:00:00,18.75270786939452
2024-08-08 12:00:00,18.724318373077995
2024-08-08 13:00:00,18.59460209775282
2024-08-08 14:00:00,19.105523487293105
2024-08-08 15:00:00,18.529734294772545
2024-08-08 16:00:00,19.010933490860506
2024-08-08 17:00:00,46.243585201797856
2024-08-08 18:00:00,17.162330302775285
2024-08-08 19:00:00,20.278030294653885
2024-08-08 20:00:00,24.65411829979156
2024-08-08 21:00:00,18.02204133945676
2024-08-08 22:00:00,18.405390716104428
2024-08-08 23:00:00,16.857138106657615
2024-08-09 00:00:00,17.10269850002201
2024-08-09 01:00:00,17.10467196719595
2024-08-09 02:00:00,17.076361033641277
2024-08-09 03:00:00,16.735497013698367
2024-08-09 04:00:00,17.12794280958929
2024-08-09 05:00:00,17.32111096394791
2024-08-09 06:00:00,17.407988140010136
2024-08-09 07:00:00,17.37611617403769
2024-08-09 08:00:00,17.571515594323007
2024-08-09 09:00:00,17.290863092891506
2024-08-09 10:00:00,17.28843942561472
2024-08-09 11:00:00,17.83385479926182
2024-08-09 12:00:00,17.527426334402268
2024-08-09 13:00:00,17.869659350805644
2024-08-09 14:00:00,17.367862207383446
2024-08-09 15:00:00,18.400463537482857
2024-08-09 16:00:00,18.177725734655244
2024-08-09 17:00:00,19.26800757359824
2024-08-09 18:00:00,19.232012267082865
2024-08-09 19:00:00,19.46362927201981
2024-08-09 20:00:00,19.59281950001805
2024-08-09 21:00:00,23.243326285466857
2024-08-09 22:00:00,18.85623378992314
2024-08-09 23:00:00,17.2788132082406
2024-08-10 00:00:00,17.425306961990273
2024-08-10 01:00:00,20.38227114535591
2024-08-10 02:00:00,16.509228209661185
2024-08-10 03:00:00,16.65658979594921
2024-08-10 04:00:00,16.384574480250244
2024-08-10 05:00:00,16.67264909702043
2024-08-10 06:00:00,16.592221059331308
2024-08-10 07:00:00,16.62379849769233
2024-08-10 08:00:00,16.77346693390847
2024-08-10 09:00:00,17.052478148704107
2024-08-10 10:00:00,17.186834615422217
2024-08-10 11:00:00,17.29182866148964
2024-08-10 12:00:00,17.164900173734242
2024-08-10 13:00:00,16.760631433055757
2024-08-10 14:00:00,17.096078316777977
2024-08-10 15:00:00,16.988159372243466
2024-08-10 16:00:00,17.210034858542315
2024-08-10 17:00:00,37.00196375010688
2024-08-10 18:00:00,19.02982077850364
2024-08-10 19:00:00,18.33443787059548
2024-08-10 20:00:00,17.426424662742217
2024-08-10 21:00:00,17.316542184207776
2024-08-10 22:00:00,17.87007892088854
2024-08-10 23:00:00,18.06160905536157
2024-08-11 00:00:00,17.68431105725575
2024-08-11 01:00:00,17.713489247529047
2024-08-11 02:00:00,17.628693775088752
2024-08-11 03:00:00,17.61899807738927
2024-08-11 04:00:00,17.80136995702292
2024-08-11 05:00:00,17.415404169098334
2024-08-11 06:00:00,17.520412718917473
2024-08-11 07:00:00,17.24536677885687
2024-08-11 08:00:00,17.800745487357986
2024-08-11 09:00:00,18.183915106180525
2024-08-11 10:00:00,17.51676535541591
2024-08-11 11:00:00,17.3412755538695
2024-08-11 12:00:00,17.57812882957862
2024-08-11 13:00:00,17.69750936548341
2024-08-11 14:00:00,17.829532694602946
2024-08-11 15:00:00,18.06014992388156
2024-08-11 16:00:00,18.013837407136684
2024-08-11 17:00:00,20.311966468273045
2024-08-11 18:00:00,18.808816126593456
2024-08-11 19:00:00,19.684685732337865
2024-08-11 20:00:00,19.15326634089136
2024-08-11 21:00:00,19.10645700347146
2024-08-11 22:00:00,19.04838845151277
2024-08-11 23:00:00,18.06361407108449
2024-08-12 00:00:00,18.00778809988135
2024-08-12 01:00:00,17.456717816083234
2024-08-12 02:00:00,17.549902687379646
2024-08-12 03:00:00,17.625975992792497
2024-08-12 04:00:00,18.455244965943525
2024-08-12 05:00:00,18.87730837562656
2024-08-12 06:00:00,18.07661107253696
2024-08-12 07:00:00,18.45801580127525
2024-08-12 08:00:00,18.262925557939987
2024-08-12 09:00:00,18.310197475830947
2024-08-12 10:00:00,18.65565395191363
2024-08-12 11:00:00,20.29005162473232
2024-08-12 12:00:00,18.51734857934212
2024-08-12 13:00:00,18.2900564561655
2024-08-12 14:00:00,18.7607610242206
2024-08-12 15:00:00,20.668285576633853
2024-08-12 16:00:00,18.47996332973366
2024-08-12 17:00:00,22.57699456139971
2024-08-12 18:00:00,19.79861847108872
2024-08-12 19:00:00,19.92221388435967
2024-08-12 20:00:00,20.14501140322317
2024-08-12 21:00:00,20.216929110259688
2024-08-12 22:00:00,19.5489478392279
2024-08-12 23:00:00,18.570028762798497
2024-08-13 00:00:00,19.55524792660137
2024-08-13 01:00:00,18.52527700369209
2024-08-13 02:00:00,18.303733048093324
2024-08-13 03:00:00,18.36919013960693
2024-08-13 04:00:00,30.78633526454388
2024-08-13 05:00:00,18.639600558662828
2024-08-13 06:00:00,28.789766636261195
2024-08-13 07:00:00,26.573289487352127
2024-08-13 08:00:00,19.13709162146819
2024-08-13 09:00:00,21.72695064686714
2024-08-13 10:00:00,19.441242271275527
2024-08-13 11:00:00,19.283742968395988
2024-08-13 12:00:00,19.44437589284973
2024-08-13 13:00:00,19.428987477349807
2024-08-13 14:00:00,22.19742470538646
2024-08-13 15:00:00,24.53098181899942
2024-08-13 16:00:00,21.50104987834388
2024-08-13 17:00:00,20.023156073427906
2024-08-13 18:00:00,19.90877738659306
2024-08-13 19:00:00,23.42665333519876
2024-08-13 20:00:00,20.325282460123105
2024-08-13 21:00:00,19.85965000115896
2024-08-13 22:00:00,20.71238414929133
2024-08-13 23:00:00,19.549310177302523
2024-08-14 00:00:00,18.9358951618351
2024-08-14 01:00:00,19.00494427168389
2024-08-14 02:00:00,21.65390555870328
2024-08-14 03:00:00,19.27535169867159
2024-08-14 04:00:00,17.881283025786562
2024-08-14 05:00:00,18.565618356035174
2024-08-14 06:00:00,18.82380570416722
2024-08-14 07:00:00,18.07640340112897
2024-08-14 08:00:00,18.9992592111971
2024-08-14 09:00:00,19.14629437796672
2024-08-14 10:00:00,19.76495259626684
2024-08-14 11:00:00,20.09316213890156
2024-08-14 12:00:00,19.408476277756968
2024-08-14 13:00:00,19.6127859932523
2024-08-14 14:00:00,19.5623735397826
2024-08-14 15:00:00,20.285028034193253
2024-08-14 16:00:00,19.85756179480721
2024-08-14 17:00:00,20.64542244912577
2024-08-14 18:00:00,20.67143998297919
2024-08-14 19:00:00,21.16505542242331
2024-08-14 20:00:00,20.03203176131963
2024-08-14 21:00:00,20.233699415650708
2024-08-14 22:00:00,20.77863682275808
2024-08-14 23:00:00,20.108498718080675
2024-08-15 00:00:00,15.398674006080936
2024-08-15 01:00:00,15.78459330126323
2024-08-15 02:00:00,17.509626557816176
2024-08-15 03:00:00,14.875310503709596
2024-08-15 04:00:00,14.898575023664357
2024-08-15 05:00:00,14.773431538119992
2024-08-15 06:00:00,15.344732952314132
2024-08-15 07:00:00,15.523404896709604
2024-08-15 08:00:00,15.479092220676984
2024-08-15 09:00:00,16.675170984739573
2024-08-15 10:00:00,15.51419091418162
2024-08-15 11:00:00,15.18446660418692
2024-08-15 12:00:00,15.332847208633188
2024-08-15 13:00:00,15.450929285159914
2024-08-15 14:00:00,16.034665862977857
2024-08-15 15:00:00,16.590157927646654
2024-08-15 16:00:00,15.43248727603058
2024-08-15 17:00:00,34.71889019582453
2024-08-15 18:00:00,16.046941236779098
2024-08-15 19:00:00,19.49364421147684
2024-08-15 20:00:00,14.793119022063092
2024-08-15 21:00:00,14.827544980964682
2024-08-15 22:00:00,13.73351579422371
2024-08-15 23:00:00,13.597918464589142
2024-08-16 00:00:00,13.669226111100512
2024-08-16 01:00:00,13.61531113077998
2024-08-16 02:00:00,12.735757691779044
2024-08-16 03:00:00,12.98760149662992
2024-08-16 04:00:00,14.503471982155183
2024-08-16 05:00:00,14.44580840016544
2024-08-16 06:00:00,14.9078175484705
2024-08-16 07:00:00,15.24088273296558
2024-08-16 08:00:00,14.731109801538503
2024-08-16 09:00:00,14.94011345864404
2024-08-16 10:00:00,14.661696795479916
2024-08-16 11:00:00,14.740047574113998
2024-08-16 12:00:00,14.47068429407684
2024-08-16 13:00:00,14.605301515862418
2024-08-16 14:00:00,14.5528124148131
2024-08-16 15:00:00,14.388942264002806
2024-08-16 16:00:00,14.816918108452189
2024-08-16 17:00:00,16.204787151339026
2024-08-16 18:00:00,42.54864517516846
2024-08-16 19:00:00,18.76874657297298
2024-08-16 20:00:00,15.243817698316898
2024-08-16 21:00:00,19.795143660513965
2024-08-16 22:00:00,14.689874445747384
2024-08-16 23:00:00,14.325304468275949
2024-08-17 00:00:00,13.614878688912782
2024-08-17 01:00:00,13.650538181965867
2024-08-17 02:00:00,13.298205052553827
2024-08-17 03:00:00,14.00132281642525
2024-08-17 04:00:00,13.83394330699156
2024-08-17 05:00:00,14.000482208854937
2024-08-17 06:00:00,13.741715296106689
2024-08-17 07:00:00,13.849079318313022
2024-08-17 08:00:00,14.19071169916417
2024-08-17 09:00:00,13.832871320051373
2024-08-17 10:00:00,13.96869309454326
2024-08-17 11:00:00,13.552676903989568
2024-08-17 12:00:00,14.039094729043374
2024-08-17 13:00:00,13.594764638834826
2024-08-17 14:00:00,13.745552120498688
2024-08-17 15:00:00,14.613785912212656
2024-08-17 16:00:00,13.929162810383332
2024-08-17 17:00:00,15.154439525620576
2024-08-17 18:00:00,15.156720147725686
2024-08-17 19:00:00,15.5189607907729
2024-08-17 20:00:00,16.01627351457881
2024-08-17 21:00:00,14.006446790036623
2024-08-17 22:00:00,18.18869656125628
2024-08-17 23:00:00,15.8760905987262
2024-08-18 00:00:00,15.703419126919975
2024-08-18 01:00:00,15.501125217512884
2024-08-18 02:00:00,12.232256719008374
2024-08-18 03:00:00,16.14210081742235
2024-08-18 04:00:00,15.436033126412974
2024-08-18 05:00:00,14.920674483430624
2024-08-18 06:00:00,13.819248479918096
2024-08-18 07:00:00,13.809257866287895
2024-08-18 08:00:00,14.047998979578669
2024-08-18 09:00:00,14.509869684509033
2024-08-18 10:00:00,14.405520419321403
2024-08-18 11:00:00,14.47616889175226
2024-08-18 12:00:00,15.12187549810089
2024-08-18 13:00:00,14.031308734232637
2024-08-18 14:00:00,14.284144794193768
2024-08-18 15:00:00,14.683957695660435
2024-08-18 16:00:00,14.560312257232663
2024-08-18 17:00:00,16.663454980478196
2024-08-18 18:00:00,15.792088218205294
2024-08-18 19:00:00,15.201485024531994
2024-08-18 20:00:00,15.973243691679
2024-08-18 21:00:00,15.685827326157131
2024-08-18 22:00:00,15.220035693261538
2024-08-18 23:00:00,13.893629822758871
2024-08-19 00:00:00,14.736195145855351
2024-08-19 01:00:00,14.656421376220012
2024-08-19 02:00:00,14.353559869343623
2024-08-19 03:00:00,14.70719875040886
2024-08-19 04:00:00,15.217753052517098
2024-08-19 05:00:00,14.61848639536218
2024-08-19 06:00:00,15.3008696297686
2024-08-19 07:00:00,14.702352224742036
2024-08-19 08:00:00,15.110521263488335
2024-08-19 09:00:00,15.500996246368954
2024-08-19 10:00:00,15.88831098292566
2024-08-19 11:00:00,15.52663571310011
2024-08-19 12:00:00,15.44030681325434
2024-08-19 13:00:00,16.41218553772066
2024-08-19 14:00:00,15.360345675656268
2024-08-19 15:00:00,17.41627173305252
2024-08-19 16:00:00,15.921598047724936
2024-08-19 17:00:00,17.26771882712332
2024-08-19 18:00:00,17.43351259107578
2024-08-19 19:00:00,17.26246212122968
2024-08-19 20:00:00,17.972485791346802
2024-08-19 21:00:00,16.48988635017746
2024-08-19 22:00:00,16.345195742286183
2024-08-19 23:00:00,15.50664281811227
2024-08-20 00:00:00,15.220945614144972
2024-08-20 01:00:00,15.253541684784864
2024-08-20 02:00:00,15.4516258551823
2024-08-20 03:00:00,15.37655621495562
2024-08-20 04:00:00,15.294771099033746
2024-08-20 05:00:00,16.23726176066035
2024-08-20 06:00:00,16.00215492480685
2024-08-20 07:00:00,16.8434584353068
2024-08-20 08:00:00,16.58660469859351
2024-08-20 09:00:00,15.723163497978575
2024-08-20 10:00:00,16.712076762786587
2024-08-20 11:00:00,16.516334729724353
2024-08-20 12:00:00,16.77248064823434
2024-08-20 13:00:00,15.631210740830344
2024-08-20 14:00:00,16.643176326879463
2024-08-20 15:00:00,16.671598594936707
2024-08-20 16:00:00,16.008687187303302
2024-08-20 17:00:00,37.867559571473706
2024-08-20 18:00:00,18.328216265476573
2024-08-20 19:00:00,17.95899669431784
2024-08-20 20:00:00,15.892384081211748
2024-08-20 21:00:00,15.096206539931844
2024-08-20 22:00:00,14.559703807038131
2024-08-20 23:00:00,13.688472161120185
2024-08-21 00:00:00,13.793605914398864
2024-08-21 01:00:00,13.574518577911697
2024-08-21 02:00:00,13.286094441711132
2024-08-21 03:00:00,13.452144493072602
2024-08-21 04:00:00,13.043181044142814
2024-08-21 05:00:00,14.636173427423262
2024-08-21 06:00:00,13.96659513729846
2024-08-21 07:00:00,14.144979078279292
2024-08-21 08:00:00,15.884759307394466
2024-08-21 09:00:00,16.32874197393654
2024-08-21 10:00:00,15.067164341490354
2024-08-21 11:00:00,14.606440988961491
2024-08-21 12:00:00,16.239213195919916
2024-08-21 13:00:00,14.881721019179716
2024-08-21 14:00:00,15.09370969793084
2024-08-21 15:00:00,14.700676164353151
2024-08-21 16:00:00,14.675425479301571
2024-08-21 17:00:00,16.263261477498453
2024-08-21 18:00:00,16.36200626845401
2024-08-21 19:00:00,17.18368681376903
2024-08-21 20:00:00,17.33824211700013
2024-08-21 21:00:00,15.08824453320299
2024-08-21 22:00:00,15.431672217739868
2024-08-21 23:00:00,14.629092572307467
2024-08-22 00:00:00,13.88663386447227
2024-08-22 01:00:00,17.327539567935204
2024-08-22 02:00:00,13.40761473687277
2024-08-22 03:00:00,13.210754917066028
2024-08-22 04:00:00,13.955657217379436
2024-08-22 05:00:00,13.806022718190269
2024-08-22 06:00:00,14.427542002616242
2024-08-22 07:00:00,14.439038827907634
2024-08-22 08:00:00,14.365962289000398
2024-08-22 09:00:00,14.755204263637465
2024-08-22 10:00:00,15.67444903145573
2024-08-22 11:00:00,15.730495240865904
2024-08-22 12:00:00,14.784785745331524
2024-08-22 13:00:00,14.728312416870176
2024-08-22 14:00:00,14.732089257590992
2024-08-22 15:00:00,15.126475100460722
2024-08-22 16:00:00,19.62575942109199
2024-08-22 17:00:00,40.99731076420432
2024-08-22 18:00:00,21.453203165498483
2024-08-22 19:00:00,24.828935343543552
2024-08-22 20:00:00,22.834751886274884
2024-08-22 21:00:00,41.85658428414496
2024-08-22 22:00:00,18.83972056967844
2024-08-22 23:00:00,19.34080769186396
2024-08-23 00:00:00,18.25111509725954
2024-08-23 01:00:00,18.25343050079453
2024-08-23 02:00:00,18.28937681555969
2024-08-23 03:00:00,18.865189975731745
2024-08-23 04:00:00,18.35740249574362
2024-08-23 05:00:00,18.799856195262564
2024-08-23 06:00:00,19.35738402199648
2024-08-23 07:00:00,19.46927808442897
2024-08-23 08:00:00,19.736326084033443
2024-08-23 09:00:00,19.550166889581448
2024-08-23 10:00:00,14.367011792763122
2024-08-23 11:00:00,14.983881841554004
2024-08-23 12:00:00,14.577358316633475
2024-08-23 13:00:00,14.548527643630283
2024-08-23 14:00:00,14.40958056450356
2024-08-23 15:00:00,14.385596987809496
2024-08-23 16:00:00,15.292655864223455
2024-08-23 17:00:00,36.02062715987802
2024-08-23 18:00:00,15.76928332645722
2024-08-23 19:00:00,13.701109491721637
2024-08-23 20:00:00,13.801263154795556
2024-08-23 21:00:00,19.85514893439006
2024-08-23 22:00:00,13.557027942905286
2024-08-23 23:00:00,13.706938593502525
2024-08-24 00:00:00,13.320638468383972
2024-08-24 01:00:00,13.610872637865564
2024-08-24 02:00:00,13.4430386666895
2024-08-24 03:00:00,13.725026840936112
2024-08-24 04:00:00,13.116485377942412
2024-08-24 05:00:00,13.168672418933346
2024-08-24 06:00:00,13.18411527291433
2024-08-24 07:00:00,13.461492123976203
2024-08-24 08:00:00,13.579416027507826
2024-08-24 09:00:00,13.73722433926276
2024-08-24 10:00:00,13.812061719095698
2024-08-24 11:00:00,13.698228503434462
2024-08-24 12:00:00,13.396165007424834
2024-08-24 13:00:00,13.29303464679455
2024-08-24 14:00:00,13.895983310817895
2024-08-24 15:00:00,13.929459178045814
2024-08-24 16:00:00,13.88727586152634
2024-08-24 17:00:00,15.66943669787126
2024-08-24 18:00:00,14.319787652500436
2024-08-24 19:00:00,14.62940421727104
2024-08-24 20:00:00,14.620974740479529
2024-08-24 21:00:00,16.04168864518852
2024-08-24 22:00:00,15.457575167301036
2024-08-24 23:00:00,14.69806800572926
