time,value,item_id,predicted_value
2024-06-10 00:00:00,13.5129983827072,0,
2024-06-10 01:00:00,13.761486257504002,0,
2024-06-10 02:00:00,13.583373104714846,0,
2024-06-10 03:00:00,13.276434284821343,0,
2024-06-10 04:00:00,13.98523286349964,0,
2024-06-10 05:00:00,14.27102726095257,0,
2024-06-10 06:00:00,13.946975599236035,0,
2024-06-10 07:00:00,14.18852136271846,0,
2024-06-10 08:00:00,13.973382113356443,0,
2024-06-10 09:00:00,14.243195796253673,0,
2024-06-10 10:00:00,14.570289741779389,0,
2024-06-10 11:00:00,13.931701700729496,0,
2024-06-10 12:00:00,14.182407227184624,0,
2024-06-10 13:00:00,14.406497024346704,0,
2024-06-10 14:00:00,14.322943385251843,0,
2024-06-10 15:00:00,14.874637458889694,0,
2024-06-10 16:00:00,15.285361251411077,0,
2024-06-10 17:00:00,16.410105321416808,0,
2024-06-10 18:00:00,15.57738426598851,0,
2024-06-10 19:00:00,15.978622490636052,0,
2024-06-10 20:00:00,16.220257987000284,0,
2024-06-10 21:00:00,15.629754284239777,0,
2024-06-10 22:00:00,15.701958845941192,0,
2024-06-10 23:00:00,14.436447732855584,0,
2024-06-11 00:00:00,14.29573460996953,0,
2024-06-11 01:00:00,13.98108403907508,0,
2024-06-11 02:00:00,13.976786777900749,0,
2024-06-11 03:00:00,13.702353534243564,0,
2024-06-11 04:00:00,13.83746948629555,0,
2024-06-11 05:00:00,14.669074413590272,0,
2024-06-11 06:00:00,14.09673147629976,0,
2024-06-11 07:00:00,14.491172324142656,0,
2024-06-11 08:00:00,14.569673846767015,0,
2024-06-11 09:00:00,14.504742799023088,0,
2024-06-11 10:00:00,16.75772785250998,0,
2024-06-11 11:00:00,20.0454226611718,0,
2024-06-11 12:00:00,20.520229147168383,0,
2024-06-11 13:00:00,14.077051884773091,0,
2024-06-11 14:00:00,14.33092547702626,0,
2024-06-11 15:00:00,14.575497981521558,0,
2024-06-11 16:00:00,14.39895586897317,0,
2024-06-11 17:00:00,16.245780219871797,0,
2024-06-11 18:00:00,32.78178561259902,0,
2024-06-11 19:00:00,14.109922775102069,0,
2024-06-11 20:00:00,14.527773473297325,0,
2024-06-11 21:00:00,13.472368107973224,0,
2024-06-11 22:00:00,12.997043407787292,0,
2024-06-11 23:00:00,13.185698711737755,0,
2024-06-12 00:00:00,13.278590419808127,0,
2024-06-12 01:00:00,13.154219197116593,0,
2024-06-12 02:00:00,13.1075305536719,0,
2024-06-12 03:00:00,12.78266676056145,0,
2024-06-12 04:00:00,13.089919903176868,0,
2024-06-12 05:00:00,14.200939953500871,0,
2024-06-12 06:00:00,14.168861578589516,0,
2024-06-12 07:00:00,13.70231421871274,0,
2024-06-12 08:00:00,14.242920472060344,0,
2024-06-12 09:00:00,14.03913159639014,0,
2024-06-12 10:00:00,14.29620005423618,0,
2024-06-12 11:00:00,14.108199541784346,0,
2024-06-12 12:00:00,13.584848591954014,0,
2024-06-12 13:00:00,13.512720440400273,0,
2024-06-12 14:00:00,13.656718099955562,0,
2024-06-12 15:00:00,13.743315593623338,0,
2024-06-12 16:00:00,14.429827431812251,0,
2024-06-12 17:00:00,14.860401925193276,0,
2024-06-12 18:00:00,13.221897495601429,0,
2024-06-12 19:00:00,16.52384745954555,0,
2024-06-12 20:00:00,13.951416163883431,0,
2024-06-12 21:00:00,13.575702173029349,0,
2024-06-12 22:00:00,13.764125743026938,0,
2024-06-12 23:00:00,13.773132980843156,0,
2024-06-13 00:00:00,13.28198867583338,0,
2024-06-13 01:00:00,13.70346274126727,0,
2024-06-13 02:00:00,13.203771754618614,0,
2024-06-13 03:00:00,13.673650760118992,0,
2024-06-13 04:00:00,13.651974781378447,0,
2024-06-13 05:00:00,13.86839417814522,0,
2024-06-13 06:00:00,13.738347815585566,0,
2024-06-13 07:00:00,14.196985550352322,0,
2024-06-13 08:00:00,14.822491821213282,0,
2024-06-13 09:00:00,13.517584607265013,0,
2024-06-13 10:00:00,13.956177454362647,0,
2024-06-13 11:00:00,13.87048063970677,0,
2024-06-13 12:00:00,13.591371423299158,0,
2024-06-13 13:00:00,13.713742486179529,0,
2024-06-13 14:00:00,14.188443178731989,0,
2024-06-13 15:00:00,14.760010860102454,0,
2024-06-13 16:00:00,15.672125889153593,0,
2024-06-13 17:00:00,16.54311697297311,0,
2024-06-13 18:00:00,14.154365872197095,0,
2024-06-13 19:00:00,17.473166110433745,0,
2024-06-13 20:00:00,14.63688942762864,0,
2024-06-13 21:00:00,14.576337505845949,0,
2024-06-13 22:00:00,14.303471405443712,0,
2024-06-13 23:00:00,13.12004050291712,0,
2024-06-14 00:00:00,13.573719285040422,0,
2024-06-14 01:00:00,13.6489988641771,0,
2024-06-14 02:00:00,13.086405974039751,0,
2024-06-14 03:00:00,14.160867032133872,0,
2024-06-14 04:00:00,14.28852422962458,0,
2024-06-14 05:00:00,14.054956846558518,0,
2024-06-14 06:00:00,13.98562725130434,0,
2024-06-14 07:00:00,14.495238603884516,0,
2024-06-14 08:00:00,14.21638713199504,0,
2024-06-14 09:00:00,13.644536206620774,0,
2024-06-14 10:00:00,14.527180548938135,0,
2024-06-14 11:00:00,14.219145804622048,0,
2024-06-14 12:00:00,14.59616248763796,0,
2024-06-14 13:00:00,14.08962548256154,0,
2024-06-14 14:00:00,14.068250802671251,0,
2024-06-14 15:00:00,14.739400930122663,0,
2024-06-14 16:00:00,14.80739984975801,0,
2024-06-14 17:00:00,17.016591824641736,0,
2024-06-14 18:00:00,14.45001905769233,0,
2024-06-14 19:00:00,15.887004158945594,0,
2024-06-14 20:00:00,14.686509153908604,0,
2024-06-14 21:00:00,17.85711154138012,0,
2024-06-14 22:00:00,14.74396033438393,0,
2024-06-14 23:00:00,14.549798705680654,0,
2024-06-15 00:00:00,14.461417131997107,0,
2024-06-15 01:00:00,13.853515323059012,0,
2024-06-15 02:00:00,14.17570927495244,0,
2024-06-15 03:00:00,13.871774242733297,0,
2024-06-15 04:00:00,14.211949991342047,0,
2024-06-15 05:00:00,14.319793832877112,0,
2024-06-15 06:00:00,13.91720573612541,0,
2024-06-15 07:00:00,14.064377591240964,0,
2024-06-15 08:00:00,13.845419365959025,0,
2024-06-15 09:00:00,13.417651557131077,0,
2024-06-15 10:00:00,13.613081454363794,0,
2024-06-15 11:00:00,13.572899448013974,0,
2024-06-15 12:00:00,14.383395630258274,0,
2024-06-15 13:00:00,14.420295498487112,0,
2024-06-15 14:00:00,14.24860511468178,0,
2024-06-15 15:00:00,34.94284649067433,0,
2024-06-15 16:00:00,18.720374617902632,0,
2024-06-15 17:00:00,30.10254481884028,0,
2024-06-15 18:00:00,16.802519254152674,0,
2024-06-15 19:00:00,14.849894246360927,0,
2024-06-15 20:00:00,15.813854285669354,0,
2024-06-15 21:00:00,10.64240933879428,0,
2024-06-15 22:00:00,16.262356048580347,0,
2024-06-15 23:00:00,15.277285364344342,0,
2024-06-16 00:00:00,13.968788747975854,0,
2024-06-16 01:00:00,13.363534987010896,0,
2024-06-16 02:00:00,8.350279629206394,0,
2024-06-16 03:00:00,13.962611743914968,0,
2024-06-16 04:00:00,13.145491053127042,0,
2024-06-16 05:00:00,12.985829229415408,0,
2024-06-16 06:00:00,12.45487812169046,0,
2024-06-16 07:00:00,13.036906452314184,0,
2024-06-16 08:00:00,13.895434210956154,0,
2024-06-16 09:00:00,13.417995206231156,0,
2024-06-16 10:00:00,13.629176258223875,0,
2024-06-16 11:00:00,13.39454239460076,0,
2024-06-16 12:00:00,13.849779689765224,0,
2024-06-16 13:00:00,13.63146525634876,0,
2024-06-16 14:00:00,13.280685065748706,0,
2024-06-16 15:00:00,14.456301610737846,0,
2024-06-16 16:00:00,14.62236527787774,0,
2024-06-16 17:00:00,17.136775077877125,0,
2024-06-16 18:00:00,33.687546607319725,0,
2024-06-16 19:00:00,17.751573390832878,0,
2024-06-16 20:00:00,13.845763936552302,0,
2024-06-16 21:00:00,13.79337380928522,0,
2024-06-16 22:00:00,13.516154680847531,0,
2024-06-16 23:00:00,12.695410284986002,0,
2024-06-17 00:00:00,16.921181686117414,0,
2024-06-17 01:00:00,12.62722942806938,0,
2024-06-17 02:00:00,13.152952852586994,0,
2024-06-17 03:00:00,12.364493042101632,0,
2024-06-17 04:00:00,12.791346016929069,0,
2024-06-17 05:00:00,13.95676237311431,0,
2024-06-17 06:00:00,13.59675970160365,0,
2024-06-17 07:00:00,13.54091737261844,0,
2024-06-17 08:00:00,13.269391792104424,0,
2024-06-17 09:00:00,16.99152841811643,0,
2024-06-17 10:00:00,12.499750398633571,0,
2024-06-17 11:00:00,12.90251942973564,0,
2024-06-17 12:00:00,12.88984202359301,0,
2024-06-17 13:00:00,14.10329883314378,0,
2024-06-17 14:00:00,13.995032022400252,0,
2024-06-17 15:00:00,13.993528063885408,0,
2024-06-17 16:00:00,13.809187156071264,0,
2024-06-17 17:00:00,15.658981814166804,0,
2024-06-17 18:00:00,15.954380570297529,0,
2024-06-17 19:00:00,40.22842881098597,0,
2024-06-17 20:00:00,14.27977648156618,0,
2024-06-17 21:00:00,13.0831097276911,0,
2024-06-17 22:00:00,12.587432708214733,0,
2024-06-17 23:00:00,12.822128125768408,0,
2024-06-18 00:00:00,15.997736043179,0,
2024-06-18 01:00:00,12.275571268937703,0,
2024-06-18 02:00:00,12.580481270735218,0,
2024-06-18 03:00:00,12.58545352071192,0,
2024-06-18 04:00:00,13.365900302251402,0,
2024-06-18 05:00:00,13.62282052253044,0,
2024-06-18 06:00:00,13.757687273594788,0,
2024-06-18 07:00:00,13.462680781642236,0,
2024-06-18 08:00:00,13.409804762294064,0,
2024-06-18 09:00:00,13.950006391077578,0,
2024-06-18 10:00:00,14.006249732839445,0,
2024-06-18 11:00:00,14.079603448642018,0,
2024-06-18 12:00:00,14.738035730664723,0,
2024-06-18 13:00:00,14.627117319875063,0,
2024-06-18 14:00:00,14.207130197229834,0,
2024-06-18 15:00:00,14.303877796812982,0,
2024-06-18 16:00:00,14.986053264098636,0,
2024-06-18 17:00:00,33.83276185348505,0,
2024-06-18 18:00:00,27.6724875964084,0,
2024-06-18 19:00:00,20.333128486760742,0,
2024-06-18 20:00:00,39.51938703543908,0,
2024-06-18 21:00:00,14.70898037207705,0,
2024-06-18 22:00:00,13.768058353086602,0,
2024-06-18 23:00:00,13.490976114282695,0,
2024-06-19 00:00:00,14.050042443389207,0,
2024-06-19 01:00:00,13.368510754788858,0,
2024-06-19 02:00:00,13.427273199411127,0,
2024-06-19 03:00:00,13.37469772983037,0,
2024-06-19 04:00:00,13.94520295945714,0,
2024-06-19 05:00:00,14.093743617174033,0,
2024-06-19 06:00:00,14.000987100085956,0,
2024-06-19 07:00:00,14.088377706926597,0,
2024-06-19 08:00:00,17.474144414330418,0,
2024-06-19 09:00:00,14.707507178524484,0,
2024-06-19 10:00:00,14.61152122276065,0,
2024-06-19 11:00:00,14.557997184255605,0,
2024-06-19 12:00:00,13.99161273911532,0,
2024-06-19 13:00:00,13.99423576705297,0,
2024-06-19 14:00:00,15.090472587936183,0,
2024-06-19 15:00:00,14.820529950928494,0,
2024-06-19 16:00:00,20.782897109161475,0,
2024-06-19 17:00:00,20.21375090731117,0,
2024-06-19 18:00:00,35.6555466220934,0,
2024-06-19 19:00:00,21.68573299156541,0,
2024-06-19 20:00:00,17.47632319832391,0,
2024-06-19 21:00:00,14.040850849481815,0,
2024-06-19 22:00:00,13.839003040163746,0,
2024-06-19 23:00:00,14.978920827995704,0,
2024-06-20 00:00:00,13.38087969728621,0,
2024-06-20 01:00:00,13.288607129819336,0,
2024-06-20 02:00:00,13.5047959250053,0,
2024-06-20 03:00:00,13.78934024982609,0,
2024-06-20 04:00:00,14.536273151494676,0,
2024-06-20 05:00:00,15.427796898062567,0,
2024-06-20 06:00:00,14.318154758270945,0,
2024-06-20 07:00:00,15.43990042551933,0,
2024-06-20 08:00:00,14.563937090851564,0,
2024-06-20 09:00:00,15.010452251520531,0,
2024-06-20 10:00:00,14.439718164065455,0,
2024-06-20 11:00:00,14.359985163436294,0,
2024-06-20 12:00:00,15.513420382072711,0,
2024-06-20 13:00:00,14.347587565434338,0,
2024-06-20 14:00:00,15.033060770554924,0,
2024-06-20 15:00:00,14.522660424851187,0,
2024-06-20 16:00:00,42.41328667269797,0,
2024-06-20 17:00:00,14.439938868224418,0,
2024-06-20 18:00:00,14.444916764692929,0,
2024-06-20 19:00:00,14.28351392877332,0,
2024-06-20 20:00:00,14.396676495311596,0,
2024-06-20 21:00:00,14.875165489537617,0,
2024-06-20 22:00:00,14.30817250514777,0,
2024-06-20 23:00:00,14.238053869178511,0,
2024-06-21 00:00:00,14.122549950965242,0,
2024-06-21 01:00:00,13.792959162761615,0,
2024-06-21 02:00:00,13.767706235933318,0,
2024-06-21 03:00:00,13.70217017685081,0,
2024-06-21 04:00:00,13.94867006794834,0,
2024-06-21 05:00:00,13.93021613498142,0,
2024-06-21 06:00:00,13.804992053559683,0,
2024-06-21 07:00:00,14.310705192890689,0,
2024-06-21 08:00:00,13.9851382789419,0,
2024-06-21 09:00:00,13.75275854986612,0,
2024-06-21 10:00:00,13.501373233422632,0,
2024-06-21 11:00:00,13.433175102427372,0,
2024-06-21 12:00:00,13.571643267730767,0,
2024-06-21 13:00:00,13.901429490951951,0,
2024-06-21 14:00:00,12.963358444169224,0,
2024-06-21 15:00:00,13.053064509869698,0,
2024-06-21 16:00:00,14.399589879584733,0,
2024-06-21 17:00:00,37.37543297436689,0,
2024-06-21 18:00:00,14.015144852751169,0,
2024-06-21 19:00:00,43.57525754928649,0,
2024-06-21 20:00:00,14.802263510383458,0,
2024-06-21 21:00:00,18.901911795547548,0,
2024-06-21 22:00:00,14.748910433098938,0,
2024-06-21 23:00:00,14.763068338180132,0,
2024-06-22 00:00:00,15.06349631013511,0,
2024-06-22 01:00:00,14.440375318755198,0,
2024-06-22 02:00:00,14.49021484604433,0,
2024-06-22 03:00:00,16.84806486529315,0,
2024-06-22 04:00:00,19.138775606924906,0,
2024-06-22 05:00:00,15.030561965240224,0,
2024-06-22 06:00:00,14.525931559981458,0,
2024-06-22 07:00:00,14.331960084596858,0,
2024-06-22 08:00:00,15.097538854894106,0,
2024-06-22 09:00:00,15.3424067152565,0,
2024-06-22 10:00:00,14.917005702945392,0,
2024-06-22 11:00:00,16.666629870817587,0,
2024-06-22 12:00:00,18.748831711670427,0,
2024-06-22 13:00:00,13.774947723964669,0,
2024-06-22 14:00:00,14.025195488957484,0,
2024-06-22 15:00:00,14.209402206908369,0,
2024-06-22 16:00:00,14.1781145483588,0,
2024-06-22 17:00:00,15.430438609552535,0,
2024-06-22 18:00:00,41.83254949077823,0,
2024-06-22 19:00:00,20.09167319641504,0,
2024-06-22 20:00:00,14.401695707666436,0,
2024-06-22 21:00:00,14.488202764914698,0,
2024-06-22 22:00:00,14.93733102139146,0,
2024-06-22 23:00:00,14.651912575203577,0,
2024-06-23 00:00:00,15.119225722213852,0,
2024-06-23 01:00:00,14.285869405421955,0,
2024-06-23 02:00:00,14.289925971722472,0,
2024-06-23 03:00:00,14.162416871176037,0,
2024-06-23 04:00:00,13.684495741742662,0,
2024-06-23 05:00:00,13.504801336801812,0,
2024-06-23 06:00:00,13.941533234460715,0,
2024-06-23 07:00:00,14.113107989537149,0,
2024-06-23 08:00:00,14.091670577063963,0,
2024-06-23 09:00:00,14.334839239272975,0,
2024-06-23 10:00:00,13.844333534553709,0,
2024-06-23 11:00:00,16.13601992614463,0,
2024-06-23 12:00:00,13.846678819333032,0,
2024-06-23 13:00:00,14.1097947239372,0,
2024-06-23 14:00:00,14.244477492663728,0,
2024-06-23 15:00:00,14.15777263317059,0,
2024-06-23 16:00:00,13.957683840869338,0,
2024-06-23 17:00:00,16.007506358080718,0,
2024-06-23 18:00:00,15.873163537573184,0,
2024-06-23 19:00:00,15.360608604036608,0,
2024-06-23 20:00:00,16.36142900386747,0,
2024-06-23 21:00:00,15.3545101244628,0,
2024-06-23 22:00:00,15.31822006883954,0,
2024-06-23 23:00:00,14.520961498841968,0,
2024-06-24 00:00:00,13.634046557609016,0,
2024-06-24 01:00:00,13.759267240592578,0,
2024-06-24 02:00:00,14.534322603165847,0,
2024-06-24 03:00:00,13.929255560943616,0,
2024-06-24 04:00:00,14.436463871022498,0,
2024-06-24 05:00:00,14.33404208378957,0,
2024-06-24 06:00:00,15.075062541856626,0,
2024-06-24 07:00:00,14.942988063396587,0,
2024-06-24 08:00:00,14.824767127853043,0,
2024-06-24 09:00:00,14.876538873889409,0,
2024-06-24 10:00:00,14.779799132158592,0,
2024-06-24 11:00:00,14.748876793796825,0,
2024-06-24 12:00:00,15.002919252581735,0,
2024-06-24 13:00:00,14.818083391063038,0,
2024-06-24 14:00:00,14.664101715656956,0,
2024-06-24 15:00:00,17.466530845131647,0,
2024-06-24 16:00:00,14.741768494646111,0,
2024-06-24 17:00:00,16.39577473613086,0,
2024-06-24 18:00:00,16.124468876494937,0,
2024-06-24 19:00:00,14.717838182740095,0,
2024-06-24 20:00:00,14.530859277973814,0,
2024-06-24 21:00:00,14.777393086961805,0,
2024-06-24 22:00:00,14.934232089815838,0,
2024-06-24 23:00:00,16.72682194060858,0,
2024-06-25 00:00:00,15.063936711456437,0,
2024-06-25 01:00:00,14.212287441464206,0,
2024-06-25 02:00:00,14.26756807436726,0,
2024-06-25 03:00:00,14.431793398124745,0,
2024-06-25 04:00:00,14.369096483607876,0,
2024-06-25 05:00:00,14.61065996300528,0,
2024-06-25 06:00:00,15.431688562343355,0,
2024-06-25 07:00:00,14.680277292101945,0,
2024-06-25 08:00:00,15.099272138662974,0,
2024-06-25 09:00:00,14.873583954800374,0,
2024-06-25 10:00:00,15.246075181730516,0,
2024-06-25 11:00:00,15.31416465438785,0,
2024-06-25 12:00:00,16.366459947431846,0,
2024-06-25 13:00:00,23.106125800447337,0,
2024-06-25 14:00:00,19.03742384672049,0,
2024-06-25 15:00:00,14.638285073099068,0,
2024-06-25 16:00:00,13.886634771120177,0,
2024-06-25 17:00:00,15.543517149639047,0,
2024-06-25 18:00:00,16.160065370956637,0,
2024-06-25 19:00:00,15.30007038938795,0,
2024-06-25 20:00:00,15.60287152544727,0,
2024-06-25 21:00:00,15.710765907036537,0,
2024-06-25 22:00:00,16.577235103277882,0,
2024-06-25 23:00:00,14.07629935808798,0,
2024-06-26 00:00:00,15.031632739668844,0,
2024-06-26 01:00:00,14.718657647537071,0,
2024-06-26 02:00:00,14.210840212676953,0,
2024-06-26 03:00:00,17.395073149947816,0,
2024-06-26 04:00:00,18.712634033997084,0,
2024-06-26 05:00:00,16.423547663747655,0,
2024-06-26 06:00:00,15.86554740880393,0,
2024-06-26 07:00:00,15.362229546622231,0,
2024-06-26 08:00:00,15.803920597082271,0,
2024-06-26 09:00:00,14.559096003538782,0,
2024-06-26 10:00:00,14.906682042856437,0,
2024-06-26 11:00:00,14.979350293897228,0,
2024-06-26 12:00:00,15.573583462889973,0,
2024-06-26 13:00:00,15.45468211011793,0,
2024-06-26 14:00:00,14.954173546941904,0,
2024-06-26 15:00:00,14.881281877718369,0,
2024-06-26 16:00:00,14.95341918263719,0,
2024-06-26 17:00:00,16.870046702919005,0,
2024-06-26 18:00:00,15.854164681462851,0,
2024-06-26 19:00:00,16.4061242056639,0,
2024-06-26 20:00:00,17.056380228631628,0,
2024-06-26 21:00:00,16.1938816700778,0,
2024-06-26 22:00:00,15.860802801624205,0,
2024-06-26 23:00:00,15.142490925436263,0,
2024-06-27 00:00:00,15.112472028743232,0,
2024-06-27 01:00:00,14.420167980162692,0,
2024-06-27 02:00:00,15.26664683483988,0,
2024-06-27 03:00:00,16.107277737776226,0,
2024-06-27 04:00:00,18.17308538359577,0,
2024-06-27 05:00:00,20.205667689364752,0,
2024-06-27 06:00:00,16.262164859296405,0,
2024-06-27 07:00:00,16.441942278870897,0,
2024-06-27 08:00:00,15.629694976533646,0,
2024-06-27 09:00:00,16.375552242598623,0,
2024-06-27 10:00:00,16.935688974554385,0,
2024-06-27 11:00:00,15.995555021534296,0,
2024-06-27 12:00:00,15.937891010645384,0,
2024-06-27 13:00:00,15.571704129994192,0,
2024-06-27 14:00:00,15.432418601326017,0,
2024-06-27 15:00:00,15.804756133827308,0,
2024-06-27 16:00:00,15.39196542182929,0,
2024-06-27 17:00:00,18.78212323297125,0,
2024-06-27 18:00:00,16.43073848557498,0,
2024-06-27 19:00:00,38.27366899309714,0,
2024-06-27 20:00:00,19.33364674838895,0,
2024-06-27 21:00:00,14.120759874599894,0,
2024-06-27 22:00:00,13.509168056472252,0,
2024-06-27 23:00:00,13.531505488494844,0,
2024-06-28 00:00:00,12.983538322705243,0,
2024-06-28 01:00:00,12.924256229393691,0,
2024-06-28 02:00:00,13.906577121433632,0,
2024-06-28 03:00:00,13.86731041125214,0,
2024-06-28 04:00:00,13.908436932400068,0,
2024-06-28 05:00:00,14.387414796348756,0,
2024-06-28 06:00:00,14.319402896391985,0,
2024-06-28 07:00:00,14.648786833046104,0,
2024-06-28 08:00:00,14.411747506094493,0,
2024-06-28 09:00:00,14.049149325794057,0,
2024-06-28 10:00:00,14.34849424094166,0,
2024-06-28 11:00:00,14.228822254869083,0,
2024-06-28 12:00:00,14.810580673875084,0,
2024-06-28 13:00:00,14.706115636353957,0,
2024-06-28 14:00:00,14.619513097086209,0,
2024-06-28 15:00:00,14.580535410836497,0,
2024-06-28 16:00:00,14.90231269655532,0,
2024-06-28 17:00:00,16.859343908975088,0,
2024-06-28 18:00:00,15.047303953238933,0,
2024-06-28 19:00:00,17.22236500976978,0,
2024-06-28 20:00:00,16.342948238854333,0,
2024-06-28 21:00:00,19.98596391373266,0,
2024-06-28 22:00:00,15.281500973856428,0,
2024-06-28 23:00:00,14.030926043388542,0,
2024-06-29 00:00:00,14.56777970414461,0,
2024-06-29 01:00:00,14.369841853187976,0,
2024-06-29 02:00:00,14.491984801354908,0,
2024-06-29 03:00:00,13.994186658923898,0,
2024-06-29 04:00:00,14.081221440908774,0,
2024-06-29 05:00:00,14.352302787802849,0,
2024-06-29 06:00:00,16.66278102860392,0,
2024-06-29 07:00:00,14.65968769515054,0,
2024-06-29 08:00:00,14.489978570345745,0,
2024-06-29 09:00:00,14.966800980767394,0,
2024-06-29 10:00:00,14.584282906646196,0,
2024-06-29 11:00:00,14.682755354106956,0,
2024-06-29 12:00:00,14.482957889853417,0,
2024-06-29 13:00:00,14.964407851610062,0,
2024-06-29 14:00:00,15.12736764985983,0,
2024-06-29 15:00:00,15.542158931655246,0,
2024-06-29 16:00:00,15.00260745464466,0,
2024-06-29 17:00:00,16.038757864588668,0,
2024-06-29 18:00:00,37.31893647507874,0,
2024-06-29 19:00:00,14.582622200616044,0,
2024-06-29 20:00:00,14.973210455840508,0,
2024-06-29 21:00:00,14.74097653101364,0,
2024-06-29 22:00:00,14.73220957748972,0,
2024-06-29 23:00:00,14.626271963032323,0,
2024-06-30 00:00:00,14.719239109417584,0,
2024-06-30 01:00:00,14.913380739775375,0,
2024-06-30 02:00:00,14.660565918370864,0,
2024-06-30 03:00:00,14.143687769614536,0,
2024-06-30 04:00:00,14.187946275169583,0,
2024-06-30 05:00:00,13.603197768518395,0,
2024-06-30 06:00:00,13.977478978702305,0,
2024-06-30 07:00:00,13.77911083939687,0,
2024-06-30 08:00:00,14.372482459916244,0,
2024-06-30 09:00:00,13.706313026444912,0,
2024-06-30 10:00:00,13.8503848497665,0,
2024-06-30 11:00:00,13.679128395519127,0,
2024-06-30 12:00:00,13.973731805723826,0,
2024-06-30 13:00:00,14.057409574398662,0,
2024-06-30 14:00:00,15.185652335946886,0,
2024-06-30 15:00:00,14.403279241236502,0,
2024-06-30 16:00:00,14.368662382578378,0,
2024-06-30 17:00:00,16.22453252512724,0,
2024-06-30 18:00:00,16.196461727343948,0,
2024-06-30 19:00:00,15.917376425951272,0,
2024-06-30 20:00:00,16.350592620152106,0,
2024-06-30 21:00:00,15.666502554767536,0,
2024-06-30 22:00:00,16.143933843071274,0,
2024-06-30 23:00:00,14.199908697927391,0,
2024-07-01 00:00:00,14.254902968198191,0,
2024-07-01 01:00:00,14.280469410188273,0,
2024-07-01 02:00:00,13.862380910528596,0,
2024-07-01 03:00:00,14.287070773231555,0,
2024-07-01 04:00:00,14.28439729214518,0,
2024-07-01 05:00:00,14.46439006409274,0,
2024-07-01 06:00:00,14.779627801935034,0,
2024-07-01 07:00:00,15.051334611727558,0,
2024-07-01 08:00:00,15.0920719395485,0,
2024-07-01 09:00:00,15.097642872954918,0,
2024-07-01 10:00:00,15.431159570791529,0,
2024-07-01 11:00:00,14.73687303810206,0,
2024-07-01 12:00:00,15.13075579295508,0,
2024-07-01 13:00:00,14.96567521009376,0,
2024-07-01 14:00:00,15.915434508625928,0,
2024-07-01 15:00:00,18.115489957363035,0,
2024-07-01 16:00:00,19.403772253666467,0,
2024-07-01 17:00:00,16.556227263259732,0,
2024-07-01 18:00:00,40.49074062247534,0,
2024-07-01 19:00:00,20.675993074102703,0,
2024-07-01 20:00:00,15.200518165067775,0,
2024-07-01 21:00:00,14.481151714681376,0,
2024-07-01 22:00:00,14.24234156220472,0,
2024-07-01 23:00:00,15.59327193080944,0,
2024-07-02 00:00:00,14.9045956044275,0,
2024-07-02 01:00:00,14.167834652052573,0,
2024-07-02 02:00:00,13.736052309078133,0,
2024-07-02 03:00:00,13.924810370019088,0,
2024-07-02 04:00:00,14.007923810955056,0,
2024-07-02 05:00:00,13.879805194247131,0,
2024-07-02 06:00:00,15.10922744255346,0,
2024-07-02 07:00:00,16.20919897351607,0,
2024-07-02 08:00:00,13.796606402523716,0,
2024-07-02 09:00:00,14.539992805345616,0,
2024-07-02 10:00:00,15.145703448090392,0,
2024-07-02 11:00:00,14.71928528117371,0,
2024-07-02 12:00:00,14.692609719991928,0,
2024-07-02 13:00:00,15.49089547375292,0,
2024-07-02 14:00:00,15.06686222829097,0,
2024-07-02 15:00:00,14.711669963588864,0,
2024-07-02 16:00:00,14.430830999005776,0,
2024-07-02 17:00:00,15.66735270962694,0,
2024-07-02 18:00:00,16.064842293277824,0,
2024-07-02 19:00:00,15.762065755273756,0,
2024-07-02 20:00:00,15.978405728796629,0,
2024-07-02 21:00:00,15.832925687901778,0,
2024-07-02 22:00:00,15.747554059405218,0,
2024-07-02 23:00:00,15.050553042640818,0,
2024-07-03 00:00:00,15.840397116457348,0,
2024-07-03 01:00:00,14.673555767316463,0,
2024-07-03 02:00:00,14.493174553003596,0,
2024-07-03 03:00:00,15.037687825124197,0,
2024-07-03 04:00:00,14.403576901896594,0,
2024-07-03 05:00:00,15.077995726689403,0,
2024-07-03 06:00:00,15.2861803086347,0,
2024-07-03 07:00:00,15.595831058176955,0,
2024-07-03 08:00:00,14.8722125696162,0,
2024-07-03 09:00:00,14.776282371684957,0,
2024-07-03 10:00:00,15.46162841055651,0,
2024-07-03 11:00:00,14.926625532987252,0,
2024-07-03 12:00:00,15.537690402455535,0,
2024-07-03 13:00:00,15.45147498520982,0,
2024-07-03 14:00:00,15.21165802140848,0,
2024-07-03 15:00:00,15.226253540462952,0,
2024-07-03 16:00:00,15.089629993730048,0,
2024-07-03 17:00:00,16.84538179757448,0,
2024-07-03 18:00:00,15.9816184605849,0,
2024-07-03 19:00:00,18.61581410822144,0,
2024-07-03 20:00:00,37.81111840119874,0,
2024-07-03 21:00:00,20.667574569799683,0,
2024-07-03 22:00:00,17.517483026121138,0,
2024-07-03 23:00:00,19.89089563121441,0,
2024-07-04 00:00:00,14.197562127997957,0,
2024-07-04 01:00:00,14.255020912588291,0,
2024-07-04 02:00:00,14.353134544480234,0,
2024-07-04 03:00:00,14.691058615399836,0,
2024-07-04 04:00:00,14.51827483637296,0,
2024-07-04 05:00:00,14.807076833547333,0,
2024-07-04 06:00:00,15.164923585729342,0,
2024-07-04 07:00:00,16.06084702057093,0,
2024-07-04 08:00:00,15.948148825488506,0,
2024-07-04 09:00:00,15.581271119167942,0,
2024-07-04 10:00:00,16.053247417943833,0,
2024-07-04 11:00:00,15.280452313773583,0,
2024-07-04 12:00:00,16.84986867147252,0,
2024-07-04 13:00:00,15.385123838266034,0,
2024-07-04 14:00:00,15.747701201686324,0,
2024-07-04 15:00:00,15.094059938739084,0,
2024-07-04 16:00:00,15.15456904232741,0,
2024-07-04 17:00:00,16.873922274395813,0,
2024-07-04 18:00:00,16.75237870648261,0,
2024-07-04 19:00:00,19.57354895469605,0,
2024-07-04 20:00:00,17.355590620444733,0,
2024-07-04 21:00:00,16.832686980897076,0,
2024-07-04 22:00:00,16.27429435106468,0,
2024-07-04 23:00:00,14.78759342932184,0,
2024-07-05 00:00:00,15.683208572162146,0,
2024-07-05 01:00:00,15.581021095188667,0,
2024-07-05 02:00:00,15.336363468475994,0,
2024-07-05 03:00:00,15.198162757720972,0,
2024-07-05 04:00:00,15.037662403914034,0,
2024-07-05 05:00:00,15.507899284471035,0,
2024-07-05 06:00:00,15.896684267627768,0,
2024-07-05 07:00:00,15.536321598964577,0,
2024-07-05 08:00:00,16.20123908623706,0,
2024-07-05 09:00:00,14.844901717908694,0,
2024-07-05 10:00:00,15.41852591728859,0,
2024-07-05 11:00:00,15.796372884983972,0,
2024-07-05 12:00:00,15.617511315734324,0,
2024-07-05 13:00:00,15.18683441554917,0,
2024-07-05 14:00:00,15.532175348755327,0,
2024-07-05 15:00:00,15.098291933881884,0,
2024-07-05 16:00:00,15.78294174528569,0,
2024-07-05 17:00:00,17.74698624767796,0,
2024-07-05 18:00:00,18.6826239106757,0,
2024-07-05 19:00:00,16.972899985170542,0,
2024-07-05 20:00:00,16.705214866572287,0,
2024-07-05 21:00:00,19.482728942614607,0,
2024-07-05 22:00:00,17.080666545058378,0,
2024-07-05 23:00:00,15.559455006140954,0,
2024-07-06 00:00:00,15.029967206064088,0,
2024-07-06 01:00:00,15.219674221635351,0,
2024-07-06 02:00:00,19.64956773766805,0,
2024-07-06 03:00:00,15.838758165662144,0,
2024-07-06 04:00:00,15.622373484769431,0,
2024-07-06 05:00:00,15.128279082179432,0,
2024-07-06 06:00:00,15.53086190330955,0,
2024-07-06 07:00:00,15.52071314031888,0,
2024-07-06 08:00:00,15.43039549497174,0,
2024-07-06 09:00:00,15.752824275885466,0,
2024-07-06 10:00:00,15.942093835785608,0,
2024-07-06 11:00:00,15.405137810620817,0,
2024-07-06 12:00:00,15.36748787526005,0,
2024-07-06 13:00:00,15.275020151296731,0,
2024-07-06 14:00:00,15.282990763456423,0,
2024-07-06 15:00:00,15.43090796238587,0,
2024-07-06 16:00:00,15.32602260418098,0,
2024-07-06 17:00:00,17.12231891295544,0,
2024-07-06 18:00:00,19.145249142829293,0,
2024-07-06 19:00:00,16.63948463127687,0,
2024-07-06 20:00:00,16.57161936229764,0,
2024-07-06 21:00:00,70.9684858225871,0,
2024-07-06 22:00:00,16.167264069237977,0,
2024-07-06 23:00:00,15.647430710242178,0,
2024-07-07 00:00:00,15.331394729350755,0,
2024-07-07 01:00:00,15.350451918160925,0,
2024-07-07 02:00:00,15.197902954237977,0,
2024-07-07 03:00:00,15.39170005648834,0,
2024-07-07 04:00:00,14.896240639816694,0,
2024-07-07 05:00:00,16.048679413738146,0,
2024-07-07 06:00:00,15.204404058625142,0,
2024-07-07 07:00:00,15.21051349153666,0,
2024-07-07 08:00:00,15.12529389928511,0,
2024-07-07 09:00:00,16.139929523881875,0,
2024-07-07 10:00:00,16.37389230998594,0,
2024-07-07 11:00:00,15.12109464557006,0,
2024-07-07 12:00:00,15.81122614815738,0,
2024-07-07 13:00:00,16.61705998269338,0,
2024-07-07 14:00:00,15.4526062555671,0,
2024-07-07 15:00:00,15.742267408853431,0,
2024-07-07 16:00:00,15.71329367579908,0,
2024-07-07 17:00:00,18.153682887534863,0,
2024-07-07 18:00:00,16.99226116016917,0,
2024-07-07 19:00:00,17.145897398046063,0,
2024-07-07 20:00:00,17.296736376259886,0,
2024-07-07 21:00:00,17.615233539137478,0,
2024-07-07 22:00:00,16.74957658755136,0,
2024-07-07 23:00:00,15.45860463123555,0,
2024-07-08 00:00:00,15.435497949383548,0,
2024-07-08 01:00:00,15.509369089475014,0,
2024-07-08 02:00:00,18.34450949270322,0,
2024-07-08 03:00:00,15.346070441294188,0,
2024-07-08 04:00:00,15.5819874744716,0,
2024-07-08 05:00:00,15.275613329567577,0,
2024-07-08 06:00:00,16.126603461129733,0,
2024-07-08 07:00:00,15.697414173150728,0,
2024-07-08 08:00:00,15.794775604666071,0,
2024-07-08 09:00:00,15.609202838831788,0,
2024-07-08 10:00:00,16.9889577821475,0,
2024-07-08 11:00:00,16.108366525420333,0,
2024-07-08 12:00:00,15.728766020876767,0,
2024-07-08 13:00:00,15.724777631415606,0,
2024-07-08 14:00:00,15.993427727182734,0,
2024-07-08 15:00:00,17.72221722834132,0,
2024-07-08 16:00:00,16.396989749319374,0,
2024-07-08 17:00:00,16.8382861994719,0,
2024-07-08 18:00:00,41.292901069401694,0,
2024-07-08 19:00:00,17.44655688795954,0,
2024-07-08 20:00:00,14.60542971383719,0,
2024-07-08 21:00:00,14.307332093924815,0,
2024-07-08 22:00:00,14.56149780395132,0,
2024-07-08 23:00:00,13.68045884146414,0,
2024-07-09 00:00:00,13.96076314928017,0,
2024-07-09 01:00:00,13.537437374704586,0,
2024-07-09 02:00:00,13.694420047970326,0,
2024-07-09 03:00:00,14.495994815018522,0,
2024-07-09 04:00:00,14.042398604362058,0,
2024-07-09 05:00:00,14.815582936245812,0,
2024-07-09 06:00:00,14.363238645136777,0,
2024-07-09 07:00:00,15.0592195973417,0,
2024-07-09 08:00:00,14.776963033042206,0,
2024-07-09 09:00:00,14.594807354649204,0,
2024-07-09 10:00:00,15.28087053893042,0,
2024-07-09 11:00:00,14.771044118703768,0,
2024-07-09 12:00:00,14.524723683952638,0,
2024-07-09 13:00:00,15.337844386445433,0,
2024-07-09 14:00:00,15.502205783906165,0,
2024-07-09 15:00:00,14.545724015087092,0,
2024-07-09 16:00:00,14.651136802745912,0,
2024-07-09 17:00:00,38.12989575389658,0,
2024-07-09 18:00:00,20.727369978199192,0,
2024-07-09 19:00:00,14.500266261201206,0,
2024-07-09 20:00:00,15.063400385768327,0,
2024-07-09 21:00:00,15.270805899675365,0,
2024-07-09 22:00:00,14.843632116640771,0,
2024-07-09 23:00:00,14.160994877630312,0,
2024-07-10 00:00:00,14.8887134119383,0,
2024-07-10 01:00:00,14.742620722385167,0,
2024-07-10 02:00:00,15.12230960589034,0,
2024-07-10 03:00:00,14.767891067311576,0,
2024-07-10 04:00:00,14.937539199340971,0,
2024-07-10 05:00:00,14.944479432319543,0,
2024-07-10 06:00:00,21.036261619390302,0,
2024-07-10 07:00:00,16.129333207559714,0,
2024-07-10 08:00:00,21.22461682836236,0,
2024-07-10 09:00:00,20.64822112791097,0,
2024-07-10 10:00:00,15.311659499996992,0,
2024-07-10 11:00:00,16.619102336685682,0,
2024-07-10 12:00:00,16.03737360087953,0,
2024-07-10 13:00:00,15.945697557837288,0,
2024-07-10 14:00:00,16.802227258003988,0,
2024-07-10 15:00:00,16.912867998048682,0,
2024-07-10 16:00:00,16.20413026357618,0,
2024-07-10 17:00:00,17.508701477700313,0,
2024-07-10 18:00:00,18.563151011409182,0,
2024-07-10 19:00:00,20.08691849898304,0,
2024-07-10 20:00:00,18.29905635323891,0,
2024-07-10 21:00:00,17.261203647362397,0,
2024-07-10 22:00:00,17.307344273260483,0,
2024-07-10 23:00:00,17.13785758838002,0,
2024-07-11 00:00:00,16.434885971449752,0,
2024-07-11 01:00:00,15.992601496878104,0,
2024-07-11 02:00:00,17.838323120286212,0,
2024-07-11 03:00:00,20.08296101647708,0,
2024-07-11 04:00:00,15.149423925839349,0,
2024-07-11 05:00:00,15.517573778723197,0,
2024-07-11 06:00:00,15.692733409264614,0,
2024-07-11 07:00:00,15.647399284082194,0,
2024-07-11 08:00:00,15.772678311406768,0,
2024-07-11 09:00:00,15.82219680113664,0,
2024-07-11 10:00:00,15.248301907273024,0,
2024-07-11 11:00:00,17.017077957661463,0,
2024-07-11 12:00:00,16.080234359405534,0,
2024-07-11 13:00:00,15.997449817195683,0,
2024-07-11 14:00:00,16.017301229033556,0,
2024-07-11 15:00:00,15.844153625888824,0,
2024-07-11 16:00:00,15.511074503797229,0,
2024-07-11 17:00:00,17.83227576481739,0,
2024-07-11 18:00:00,39.9410202146967,0,
2024-07-11 19:00:00,22.106083892815857,0,
2024-07-11 20:00:00,16.30420866608505,0,
2024-07-11 21:00:00,15.756087707911774,0,
2024-07-11 22:00:00,15.491444777478572,0,
2024-07-11 23:00:00,15.538851480658142,0,
2024-07-12 00:00:00,35.7574057741613,0,
2024-07-12 01:00:00,19.891168175473048,0,
2024-07-12 02:00:00,15.332097686854564,0,
2024-07-12 03:00:00,19.449762003250434,0,
2024-07-12 04:00:00,15.871703696786046,0,
2024-07-12 05:00:00,15.91977375810892,0,
2024-07-12 06:00:00,16.07955474515969,0,
2024-07-12 07:00:00,15.918954238805526,0,
2024-07-12 08:00:00,16.405205985600666,0,
2024-07-12 09:00:00,16.246684873872884,0,
2024-07-12 10:00:00,16.221993429604538,0,
2024-07-12 11:00:00,16.216506114360474,0,
2024-07-12 12:00:00,16.497379391300857,0,
2024-07-12 13:00:00,17.206395263486947,0,
2024-07-12 14:00:00,17.74515933717779,0,
2024-07-12 15:00:00,18.00994690897949,0,
2024-07-12 16:00:00,18.25963564271836,0,
2024-07-12 17:00:00,18.292410686983565,0,
2024-07-12 18:00:00,35.23917337921196,0,
2024-07-12 19:00:00,20.65764347882394,0,
2024-07-12 20:00:00,16.786090861423766,0,
2024-07-12 21:00:00,21.687487065178416,0,
2024-07-12 22:00:00,16.222137487269162,0,
2024-07-12 23:00:00,15.740073648580331,0,
2024-07-13 00:00:00,16.594398855006233,0,
2024-07-13 01:00:00,16.13313806764746,0,
2024-07-13 02:00:00,19.858013812104005,0,
2024-07-13 03:00:00,16.259815946175873,0,
2024-07-13 04:00:00,16.349176716987202,0,
2024-07-13 05:00:00,16.25304194533118,0,
2024-07-13 06:00:00,15.99922646850708,0,
2024-07-13 07:00:00,16.632163305194055,0,
2024-07-13 08:00:00,16.599919672015503,0,
2024-07-13 09:00:00,16.538521759009893,0,
2024-07-13 10:00:00,16.559147628854326,0,
2024-07-13 11:00:00,17.310623510568906,0,
2024-07-13 12:00:00,16.668817993932038,0,
2024-07-13 13:00:00,18.820367504366185,0,
2024-07-13 14:00:00,16.712508138772893,0,
2024-07-13 15:00:00,16.837858216667836,0,
2024-07-13 16:00:00,16.80280279620347,0,
2024-07-13 17:00:00,18.42609540773017,0,
2024-07-13 18:00:00,18.30077747864587,0,
2024-07-13 19:00:00,18.277828599367112,0,
2024-07-13 20:00:00,18.10103253723968,0,
2024-07-13 21:00:00,19.253402506034107,0,
2024-07-13 22:00:00,18.64397816076528,0,
2024-07-13 23:00:00,17.828267451930806,0,
2024-07-14 00:00:00,18.08507128403241,0,
2024-07-14 01:00:00,17.560607054165356,0,
2024-07-14 02:00:00,17.509274995109518,0,
2024-07-14 03:00:00,17.059371187439957,0,
2024-07-14 04:00:00,16.975637918086022,0,
2024-07-14 05:00:00,16.546336731235897,0,
2024-07-14 06:00:00,16.96076578063615,0,
2024-07-14 07:00:00,17.251430439552063,0,
2024-07-14 08:00:00,17.42787214817207,0,
2024-07-14 09:00:00,17.27989174569606,0,
2024-07-14 10:00:00,18.49865986923237,0,
2024-07-14 11:00:00,17.04268218131109,0,
2024-07-14 12:00:00,17.463970650264855,0,
2024-07-14 13:00:00,17.07825096615344,0,
2024-07-14 14:00:00,17.787362803837315,0,
2024-07-14 15:00:00,17.562338713822825,0,
2024-07-14 16:00:00,16.819719128475196,0,
2024-07-14 17:00:00,18.71263811904921,0,
2024-07-14 18:00:00,18.895483654312898,0,
2024-07-14 19:00:00,18.055234482847457,0,
2024-07-14 20:00:00,19.0824142415148,0,
2024-07-14 21:00:00,18.48501691043523,0,
2024-07-14 22:00:00,18.39258386512721,0,
2024-07-14 23:00:00,17.267303662315,0,
2024-07-15 00:00:00,17.236987561373443,0,
2024-07-15 01:00:00,17.08723834945049,0,
2024-07-15 02:00:00,16.960654632823836,0,
2024-07-15 03:00:00,17.07105307290715,0,
2024-07-15 04:00:00,17.17474621929574,0,
2024-07-15 05:00:00,17.66985389309427,0,
2024-07-15 06:00:00,18.051741257977845,0,
2024-07-15 07:00:00,17.5675090259564,0,
2024-07-15 08:00:00,17.641618929955392,0,
2024-07-15 09:00:00,17.37720948237803,0,
2024-07-15 10:00:00,17.936573455478392,0,
2024-07-15 11:00:00,18.33749168680943,0,
2024-07-15 12:00:00,17.958797217170975,0,
2024-07-15 13:00:00,18.029794963478047,0,
2024-07-15 14:00:00,18.432169747180232,0,
2024-07-15 15:00:00,20.081988114841817,0,
2024-07-15 16:00:00,17.744485392756616,0,
2024-07-15 17:00:00,19.93833312970921,0,
2024-07-15 18:00:00,34.34546046452971,0,
2024-07-15 19:00:00,17.4470437237403,0,
2024-07-15 20:00:00,16.187819249025168,0,
2024-07-15 21:00:00,16.730942600505628,0,
2024-07-15 22:00:00,15.6491432087935,0,
2024-07-15 23:00:00,15.766993212709783,0,
2024-07-16 00:00:00,16.209810177605622,0,
2024-07-16 01:00:00,21.877414350157743,0,
2024-07-16 02:00:00,21.373256060238223,0,
2024-07-16 03:00:00,17.14024756350585,0,
2024-07-16 04:00:00,16.82520446613479,0,
2024-07-16 05:00:00,17.83888215929788,0,
2024-07-16 06:00:00,17.6196406312869,0,
2024-07-16 07:00:00,17.314781302438607,0,
2024-07-16 08:00:00,18.06994241621509,0,
2024-07-16 09:00:00,17.87620960866011,0,
2024-07-16 10:00:00,18.02805536607621,0,
2024-07-16 11:00:00,18.621858497501933,0,
2024-07-16 12:00:00,18.26298734029527,0,
2024-07-16 13:00:00,17.957893192092428,0,
2024-07-16 14:00:00,18.520367852551463,0,
2024-07-16 15:00:00,23.94182977880368,0,
2024-07-16 16:00:00,18.094706093295137,0,
2024-07-16 17:00:00,35.716684755198095,0,
2024-07-16 18:00:00,26.27430183050216,0,
2024-07-16 19:00:00,20.16214796222305,0,
2024-07-16 20:00:00,18.06375266595631,0,
2024-07-16 21:00:00,16.68739686354609,0,
2024-07-16 22:00:00,16.199787699627834,0,
2024-07-16 23:00:00,15.948968085015718,0,
2024-07-17 00:00:00,15.661996876029235,0,
2024-07-17 01:00:00,16.183574785693665,0,
2024-07-17 02:00:00,16.241699564869368,0,
2024-07-17 03:00:00,19.38219168883056,0,
2024-07-17 04:00:00,16.50185283154583,0,
2024-07-17 05:00:00,17.554402899782488,0,
2024-07-17 06:00:00,17.332488997283892,0,
2024-07-17 07:00:00,17.279941419619284,0,
2024-07-17 08:00:00,18.492977466592933,0,
2024-07-17 09:00:00,17.487026691469453,0,
2024-07-17 10:00:00,17.57574279093159,0,
2024-07-17 11:00:00,17.89600711639696,0,
2024-07-17 12:00:00,18.041384218293505,0,
2024-07-17 13:00:00,18.163159144031702,0,
2024-07-17 14:00:00,17.73999849777465,0,
2024-07-17 15:00:00,17.97846164044046,0,
2024-07-17 16:00:00,18.042830536846225,0,
2024-07-17 17:00:00,20.817672570790947,0,
2024-07-17 18:00:00,18.820806528901,0,
2024-07-17 19:00:00,21.65752088610912,0,
2024-07-17 20:00:00,22.578950761533136,0,
2024-07-17 21:00:00,19.13650758957008,0,
2024-07-17 22:00:00,19.37401484837369,0,
2024-07-17 23:00:00,23.233498861558736,0,
2024-07-18 00:00:00,17.76885368045274,0,
2024-07-18 01:00:00,18.37895989752259,0,
2024-07-18 02:00:00,17.37897497104185,0,
2024-07-18 03:00:00,17.778875587388058,0,
2024-07-18 04:00:00,17.54087092539607,0,
2024-07-18 05:00:00,17.069082631980358,0,
2024-07-18 06:00:00,17.54755177202702,0,
2024-07-18 07:00:00,18.186054257569367,0,
2024-07-18 08:00:00,17.924992139270614,0,
2024-07-18 09:00:00,17.436114406953013,0,
2024-07-18 10:00:00,20.900501023823605,0,
2024-07-18 11:00:00,18.126810524274045,0,
2024-07-18 12:00:00,17.90296729711558,0,
2024-07-18 13:00:00,18.02115225171877,0,
2024-07-18 14:00:00,18.24913130772325,0,
2024-07-18 15:00:00,18.2672819063702,0,
2024-07-18 16:00:00,17.96597680882227,0,
2024-07-18 17:00:00,20.778124652387408,0,
2024-07-18 18:00:00,19.001803181086025,0,
2024-07-18 19:00:00,22.027051545365243,0,
2024-07-18 20:00:00,19.49373672629472,0,
2024-07-18 21:00:00,19.795541288251,0,
2024-07-18 22:00:00,18.64032552665025,0,
2024-07-18 23:00:00,17.919363213317745,0,
2024-07-19 00:00:00,18.06023763769359,0,
2024-07-19 01:00:00,18.01949716618712,0,
2024-07-19 02:00:00,17.941245254868846,0,
2024-07-19 03:00:00,23.716255794274275,0,
2024-07-19 04:00:00,22.133388405202293,0,
2024-07-19 05:00:00,16.434088953680305,0,
2024-07-19 06:00:00,17.06596910686796,0,
2024-07-19 07:00:00,16.880695927775903,0,
2024-07-19 08:00:00,17.49919034111038,0,
2024-07-19 09:00:00,18.571294948770102,0,
2024-07-19 10:00:00,17.55706415741332,0,
2024-07-19 11:00:00,17.31700823151572,0,
2024-07-19 12:00:00,17.47781572762741,0,
2024-07-19 13:00:00,17.144756643491608,0,
2024-07-19 14:00:00,17.87979671884819,0,
2024-07-19 15:00:00,17.13298376985381,0,
2024-07-19 16:00:00,17.340473291543564,0,
2024-07-19 17:00:00,20.44506713749749,0,
2024-07-19 18:00:00,18.27874294972664,0,
2024-07-19 19:00:00,43.30842986416541,0,
2024-07-19 20:00:00,17.332410771551498,0,
2024-07-19 21:00:00,20.19278094773388,0,
2024-07-19 22:00:00,15.94848066004901,0,
2024-07-19 23:00:00,15.763066226979207,0,
2024-07-20 00:00:00,15.942312925637044,0,
2024-07-20 01:00:00,16.08842249337687,0,
2024-07-20 02:00:00,16.04033087942314,0,
2024-07-20 03:00:00,16.021494116282607,0,
2024-07-20 04:00:00,16.26011850026983,0,
2024-07-20 05:00:00,16.133713011300333,0,
2024-07-20 06:00:00,16.263574915552567,0,
2024-07-20 07:00:00,16.26626606200164,0,
2024-07-20 08:00:00,16.17846246421938,0,
2024-07-20 09:00:00,16.25540267731681,0,
2024-07-20 10:00:00,16.53616413591291,0,
2024-07-20 11:00:00,16.635780935600412,0,
2024-07-20 12:00:00,16.601208494392953,0,
2024-07-20 13:00:00,17.29391226082943,0,
2024-07-20 14:00:00,17.064632618820063,0,
2024-07-20 15:00:00,17.002729895868605,0,
2024-07-20 16:00:00,16.788438688513633,0,
2024-07-20 17:00:00,18.31083249760144,0,
2024-07-20 18:00:00,18.49121115225165,0,
2024-07-20 19:00:00,34.20193664995472,0,
2024-07-20 20:00:00,21.60711094614644,0,
2024-07-20 21:00:00,13.190137557873824,0,
2024-07-20 22:00:00,17.53799133717639,0,
2024-07-20 23:00:00,17.511107414386668,0,
2024-07-21 00:00:00,17.36258827445204,0,
2024-07-21 01:00:00,17.823051951184812,0,
2024-07-21 02:00:00,17.686669599126365,0,
2024-07-21 03:00:00,17.636982869009017,0,
2024-07-21 04:00:00,17.846524097805464,0,
2024-07-21 05:00:00,16.199737202154562,0,
2024-07-21 06:00:00,16.91057927895115,0,
2024-07-21 07:00:00,16.87163565272524,0,
2024-07-21 08:00:00,17.3100467297568,0,
2024-07-21 09:00:00,18.58355617378306,0,
2024-07-21 10:00:00,16.591779946993682,0,
2024-07-21 11:00:00,16.940586419280475,0,
2024-07-21 12:00:00,17.223778568304972,0,
2024-07-21 13:00:00,17.515537563014668,0,
2024-07-21 14:00:00,17.71865302165407,0,
2024-07-21 15:00:00,17.48111046899603,0,
2024-07-21 16:00:00,17.335175710772546,0,
2024-07-21 17:00:00,19.18439149875641,0,
2024-07-21 18:00:00,18.641056348693404,0,
2024-07-21 19:00:00,18.913188382980653,0,
2024-07-21 20:00:00,18.86545438009856,0,
2024-07-21 21:00:00,19.0002631239062,0,
2024-07-21 22:00:00,18.072607417721816,0,
2024-07-21 23:00:00,17.297991533847554,0,
2024-07-22 00:00:00,17.533575627184103,0,
2024-07-22 01:00:00,17.022002792968614,0,
2024-07-22 02:00:00,16.87805885808852,0,
2024-07-22 03:00:00,17.225320008284854,0,
2024-07-22 04:00:00,17.4364874324056,0,
2024-07-22 05:00:00,18.67203414759193,0,
2024-07-22 06:00:00,17.726632559856338,0,
2024-07-22 07:00:00,18.19969106334964,0,
2024-07-22 08:00:00,17.611710629845714,0,
2024-07-22 09:00:00,17.79103649005884,0,
2024-07-22 10:00:00,18.452364273850243,0,
2024-07-22 11:00:00,17.90722879453762,0,
2024-07-22 12:00:00,18.21713498375463,0,
2024-07-22 13:00:00,17.806268644708897,0,
2024-07-22 14:00:00,18.703955663372305,0,
2024-07-22 15:00:00,21.992406549665827,0,
2024-07-22 16:00:00,18.45377953649178,0,
2024-07-22 17:00:00,20.485651034539515,0,
2024-07-22 18:00:00,19.76123667736769,0,
2024-07-22 19:00:00,19.56141230110787,0,
2024-07-22 20:00:00,36.5248329234271,0,
2024-07-22 21:00:00,18.977768230517988,0,
2024-07-22 22:00:00,16.09885120215092,0,
2024-07-22 23:00:00,17.16613259535228,0,
2024-07-23 00:00:00,15.983830087104373,0,
2024-07-23 01:00:00,19.64217448353705,0,
2024-07-23 02:00:00,17.492661737213286,0,
2024-07-23 03:00:00,17.131647544788898,0,
2024-07-23 04:00:00,17.563874304788957,0,
2024-07-23 05:00:00,17.854554470925088,0,
2024-07-23 06:00:00,18.0930889430227,0,
2024-07-23 07:00:00,19.06452427035552,0,
2024-07-23 08:00:00,18.887234013158263,0,
2024-07-23 09:00:00,17.401382868538278,0,
2024-07-23 10:00:00,18.14145022638757,0,
2024-07-23 11:00:00,17.848614672711424,0,
2024-07-23 12:00:00,18.83014647812024,0,
2024-07-23 13:00:00,18.094093340771,0,
2024-07-23 14:00:00,18.4604912197834,0,
2024-07-23 15:00:00,18.20926450881683,0,
2024-07-23 16:00:00,18.301552587032308,0,
2024-07-23 17:00:00,21.47629910138876,0,
2024-07-23 18:00:00,39.55606282427809,0,
2024-07-23 19:00:00,22.72104955925854,0,
2024-07-23 20:00:00,18.12965854182871,0,
2024-07-23 21:00:00,16.240615248440857,0,
2024-07-23 22:00:00,15.77497841616154,0,
2024-07-23 23:00:00,15.90717323761826,0,
2024-07-24 00:00:00,16.36832379166463,0,
2024-07-24 01:00:00,15.69215042124795,0,
2024-07-24 02:00:00,16.03732122357537,0,
2024-07-24 03:00:00,16.29912900004645,0,
2024-07-24 04:00:00,19.54853038783778,0,
2024-07-24 05:00:00,16.826011762859608,0,
2024-07-24 06:00:00,16.956041985925022,0,
2024-07-24 07:00:00,16.9309176183262,0,
2024-07-24 08:00:00,17.070254760315805,0,
2024-07-24 09:00:00,17.84316975762285,0,
2024-07-24 10:00:00,17.10071869635432,0,
2024-07-24 11:00:00,17.050128350855086,0,
2024-07-24 12:00:00,17.516023780615104,0,
2024-07-24 13:00:00,17.223928226900156,0,
2024-07-24 14:00:00,17.234414074543118,0,
2024-07-24 15:00:00,17.551298651555893,0,
2024-07-24 16:00:00,17.61724577054747,0,
2024-07-24 17:00:00,19.157138060383257,0,
2024-07-24 18:00:00,18.85258401721798,0,
2024-07-24 19:00:00,22.40391389286929,0,
2024-07-24 20:00:00,19.1686612807687,0,
2024-07-24 21:00:00,18.896151897771126,0,
2024-07-24 22:00:00,18.69549697039176,0,
2024-07-24 23:00:00,21.768810611019656,0,
2024-07-25 00:00:00,16.97441702919133,0,
2024-07-25 01:00:00,16.955463694452753,0,
2024-07-25 02:00:00,17.02714119128079,0,
2024-07-25 03:00:00,17.433513572581248,0,
2024-07-25 04:00:00,17.047503503010564,0,
2024-07-25 05:00:00,18.01532260592651,0,
2024-07-25 06:00:00,19.05862717686397,0,
2024-07-25 07:00:00,20.737377187299305,0,
2024-07-25 08:00:00,18.081223558329626,0,
2024-07-25 09:00:00,17.66174550877907,0,
2024-07-25 10:00:00,17.041621514867774,0,
2024-07-25 11:00:00,17.819301585022345,0,
2024-07-25 12:00:00,17.670355218140227,0,
2024-07-25 13:00:00,17.921878142462347,0,
2024-07-25 14:00:00,17.83039138652494,0,
2024-07-25 15:00:00,17.95263767123554,0,
2024-07-25 16:00:00,17.744895097023495,0,
2024-07-25 17:00:00,18.68903556287072,0,
2024-07-25 18:00:00,18.471992132022145,0,
2024-07-25 19:00:00,20.67176225810367,0,
2024-07-25 20:00:00,20.79361163929969,0,
2024-07-25 21:00:00,18.184533499603727,0,
2024-07-25 22:00:00,18.360011221583903,0,
2024-07-25 23:00:00,18.04075944534134,0,
2024-07-26 00:00:00,18.59771282376333,0,
2024-07-26 01:00:00,18.421091758196063,0,
2024-07-26 02:00:00,18.07549350315511,0,
2024-07-26 03:00:00,18.28676223290497,0,
2024-07-26 04:00:00,18.232267605694897,0,
2024-07-26 05:00:00,18.309310517074707,0,
2024-07-26 06:00:00,18.36934679584886,0,
2024-07-26 07:00:00,18.613399086306245,0,
2024-07-26 08:00:00,18.167119152761085,0,
2024-07-26 09:00:00,17.892783427407185,0,
2024-07-26 10:00:00,18.21151820119205,0,
2024-07-26 11:00:00,18.89732249032457,0,
2024-07-26 12:00:00,18.39602861913848,0,
2024-07-26 13:00:00,18.484933272370373,0,
2024-07-26 14:00:00,19.02700825922445,0,
2024-07-26 15:00:00,18.87979910557827,0,
2024-07-26 16:00:00,18.672186428859515,0,
2024-07-26 17:00:00,23.313361274995863,0,
2024-07-26 18:00:00,43.95046896982754,0,
2024-07-26 19:00:00,18.11273111879898,0,
2024-07-26 20:00:00,16.98414659245151,0,
2024-07-26 21:00:00,23.145478490667493,0,
2024-07-26 22:00:00,17.201648884085905,0,
2024-07-26 23:00:00,17.382369148550687,0,
2024-07-27 00:00:00,17.480173072377845,0,
2024-07-27 01:00:00,16.756508373334096,0,
2024-07-27 02:00:00,16.490286109680476,0,
2024-07-27 03:00:00,17.357653414319767,0,
2024-07-27 04:00:00,19.678950230300856,0,
2024-07-27 05:00:00,20.60012074579059,0,
2024-07-27 06:00:00,16.938643605349963,0,
2024-07-27 07:00:00,16.906733847243718,0,
2024-07-27 08:00:00,17.106082613158787,0,
2024-07-27 09:00:00,16.743144609063123,0,
2024-07-27 10:00:00,17.1800919474717,0,
2024-07-27 11:00:00,22.81518670247734,0,
2024-07-27 12:00:00,16.952993757964745,0,
2024-07-27 13:00:00,17.061548434172142,0,
2024-07-27 14:00:00,17.468081040611146,0,
2024-07-27 15:00:00,17.261793816353318,0,
2024-07-27 16:00:00,17.170716133003207,0,
2024-07-27 17:00:00,19.715064335325025,0,
2024-07-27 18:00:00,41.2603692930406,0,
2024-07-27 19:00:00,21.34977105219536,0,
2024-07-27 20:00:00,17.19236517621457,0,
2024-07-27 21:00:00,17.14704868637387,0,
2024-07-27 22:00:00,16.928483315289405,0,
2024-07-27 23:00:00,16.807899025678317,0,
2024-07-28 00:00:00,17.9975671563734,0,
2024-07-28 01:00:00,17.4482412980188,0,
2024-07-28 02:00:00,17.60095768020239,0,
2024-07-28 03:00:00,17.690180001315653,0,
2024-07-28 04:00:00,17.817057158355855,0,
2024-07-28 05:00:00,16.960791741030064,0,
2024-07-28 06:00:00,16.913996173127487,0,
2024-07-28 07:00:00,16.85828883598731,0,
2024-07-28 08:00:00,17.557050913781218,0,
2024-07-28 09:00:00,17.17626680449264,0,
2024-07-28 10:00:00,17.16690247261137,0,
2024-07-28 11:00:00,17.376805434775097,0,
2024-07-28 12:00:00,17.015715250509736,0,
2024-07-28 13:00:00,17.286254535670526,0,
2024-07-28 14:00:00,16.95652378452865,0,
2024-07-28 15:00:00,17.855466153702654,0,
2024-07-28 16:00:00,16.90886173538967,0,
2024-07-28 17:00:00,20.6008916444143,0,
2024-07-28 18:00:00,18.18751576965594,0,
2024-07-28 19:00:00,18.27363327437052,0,
2024-07-28 20:00:00,20.27992698695288,0,
2024-07-28 21:00:00,18.58867406957316,0,
2024-07-28 22:00:00,18.846009941330607,0,
2024-07-28 23:00:00,18.029312497220968,0,
2024-07-29 00:00:00,17.215741675993627,0,
2024-07-29 01:00:00,17.076310308557186,0,
2024-07-29 02:00:00,17.533854059240653,0,
2024-07-29 03:00:00,17.23895580836625,0,
2024-07-29 04:00:00,18.166470015890145,0,
2024-07-29 05:00:00,17.68629105196917,0,
2024-07-29 06:00:00,17.76963460205259,0,
2024-07-29 07:00:00,18.019732688684552,0,
2024-07-29 08:00:00,18.88818546464875,0,
2024-07-29 09:00:00,17.876775142396994,0,
2024-07-29 10:00:00,17.971148386906833,0,
2024-07-29 11:00:00,18.706201077496857,0,
2024-07-29 12:00:00,18.86295989300444,0,
2024-07-29 13:00:00,18.554280370998107,0,
2024-07-29 14:00:00,18.463924490389537,0,
2024-07-29 15:00:00,20.8232775613282,0,
2024-07-29 16:00:00,18.35842658076792,0,
2024-07-29 17:00:00,19.998212911720625,0,
2024-07-29 18:00:00,19.918218231412773,0,
2024-07-29 19:00:00,20.025071735917983,0,
2024-07-29 20:00:00,20.007895177654365,0,
2024-07-29 21:00:00,19.398510436130493,0,
2024-07-29 22:00:00,19.40001488107196,0,
2024-07-29 23:00:00,18.345217234437698,0,
2024-07-30 00:00:00,18.254001189735664,0,
2024-07-30 01:00:00,17.507555159927595,0,
2024-07-30 02:00:00,18.220762151357484,0,
2024-07-30 03:00:00,18.27585925144537,0,
2024-07-30 04:00:00,18.185842165387143,0,
2024-07-30 05:00:00,18.14204362322896,0,
2024-07-30 06:00:00,18.826824489104112,0,
2024-07-30 07:00:00,18.632610555843225,0,
2024-07-30 08:00:00,19.306100342267293,0,
2024-07-30 09:00:00,18.15929964467911,0,
2024-07-30 10:00:00,18.391877847829843,0,
2024-07-30 11:00:00,18.942715622489512,0,
2024-07-30 12:00:00,18.68598795159648,0,
2024-07-30 13:00:00,18.79397089968305,0,
2024-07-30 14:00:00,19.664935657329643,0,
2024-07-30 15:00:00,18.85189373170695,0,
2024-07-30 16:00:00,18.91568234170618,0,
2024-07-30 17:00:00,20.224638319881947,0,
2024-07-30 18:00:00,24.80324747583692,0,
2024-07-30 19:00:00,20.728067649682803,0,
2024-07-30 20:00:00,20.24660362675796,0,
2024-07-30 21:00:00,19.628976031912487,0,
2024-07-30 22:00:00,20.44964776902332,0,
2024-07-30 23:00:00,18.964058157102546,0,
2024-07-31 00:00:00,18.598800085956924,0,
2024-07-31 01:00:00,18.24740214469934,0,
2024-07-31 02:00:00,18.66868097787916,0,
2024-07-31 03:00:00,18.056697856869192,0,
2024-07-31 04:00:00,19.107392136160016,0,
2024-07-31 05:00:00,18.37067781076393,0,
2024-07-31 06:00:00,18.819061759582816,0,
2024-07-31 07:00:00,18.79701380516456,0,
2024-07-31 08:00:00,18.77714324046188,0,
2024-07-31 09:00:00,19.154703434116858,0,
2024-07-31 10:00:00,19.4473547631337,0,
2024-07-31 11:00:00,19.10554317495422,0,
2024-07-31 12:00:00,19.23177390699368,0,
2024-07-31 13:00:00,19.66762063740332,0,
2024-07-31 14:00:00,18.999326212022247,0,
2024-07-31 15:00:00,19.63774447881558,0,
2024-07-31 16:00:00,18.946506440432543,0,
2024-07-31 17:00:00,20.344267753072792,0,
2024-07-31 18:00:00,21.2216507187373,0,
2024-07-31 19:00:00,23.610460371265745,0,
2024-07-31 20:00:00,20.266858374313344,0,
2024-07-31 21:00:00,20.59956003789214,0,
2024-07-31 22:00:00,20.31053995849735,0,
2024-07-31 23:00:00,24.601298022936938,0,
2024-08-01 00:00:00,19.83328454628641,0,
2024-08-01 01:00:00,18.973540832627616,0,
2024-08-01 02:00:00,18.88753724651665,0,
2024-08-01 03:00:00,18.572833853320727,0,
2024-08-01 04:00:00,18.54307344311956,0,
2024-08-01 05:00:00,18.67787813399747,0,
2024-08-01 06:00:00,19.257093285276103,0,
2024-08-01 07:00:00,18.82373731542696,0,
2024-08-01 08:00:00,19.690800025423336,0,
2024-08-01 09:00:00,19.07262299272618,0,
2024-08-01 10:00:00,19.194027150023217,0,
2024-08-01 11:00:00,19.3937415922788,0,
2024-08-01 12:00:00,20.000043523366426,0,
2024-08-01 13:00:00,19.24239996862424,0,
2024-08-01 14:00:00,20.23716491103574,0,
2024-08-01 15:00:00,19.279507659914664,0,
2024-08-01 16:00:00,19.724577018832097,0,
2024-08-01 17:00:00,20.8472382154762,0,
2024-08-01 18:00:00,19.73503032686364,0,
2024-08-01 19:00:00,23.361354524499355,0,
2024-08-01 20:00:00,20.40105647125568,0,
2024-08-01 21:00:00,20.19213829772604,0,
2024-08-01 22:00:00,19.74526150262649,0,
2024-08-01 23:00:00,18.78156521750684,0,
2024-08-02 00:00:00,18.954525079852296,0,
2024-08-02 01:00:00,21.36874043555869,0,
2024-08-02 02:00:00,17.84206634276066,0,
2024-08-02 03:00:00,18.11257086900983,0,
2024-08-02 04:00:00,18.00690729967182,0,
2024-08-02 05:00:00,17.987752402351415,0,
2024-08-02 06:00:00,18.802374561927746,0,
2024-08-02 07:00:00,18.3482643277471,0,
2024-08-02 08:00:00,18.62089135342051,0,
2024-08-02 09:00:00,17.95921695369376,0,
2024-08-02 10:00:00,18.25837841805355,0,
2024-08-02 11:00:00,24.091171278776216,0,
2024-08-02 12:00:00,22.53160997391152,0,
2024-08-02 13:00:00,23.15869308006133,0,
2024-08-02 14:00:00,21.949113304654457,0,
2024-08-02 15:00:00,18.310031011160408,0,
2024-08-02 16:00:00,18.07355453142712,0,
2024-08-02 17:00:00,19.761617568668303,0,
2024-08-02 18:00:00,18.25460606777661,0,
2024-08-02 19:00:00,18.483299493815384,0,
2024-08-02 20:00:00,41.96319182479199,0,
2024-08-02 21:00:00,22.530549278140413,0,
2024-08-02 22:00:00,15.488582184643391,0,
2024-08-02 23:00:00,16.277647040069084,0,
2024-08-03 00:00:00,15.958880255161167,0,
2024-08-03 01:00:00,16.13243495211015,0,
2024-08-03 02:00:00,16.550922059413505,0,
2024-08-03 03:00:00,16.1185264725469,0,
2024-08-03 04:00:00,16.260658818699447,0,
2024-08-03 05:00:00,15.73613135695902,0,
2024-08-03 06:00:00,16.193203741979694,0,
2024-08-03 07:00:00,19.162731489811726,0,
2024-08-03 08:00:00,16.28248199270178,0,
2024-08-03 09:00:00,16.55070278750428,0,
2024-08-03 10:00:00,16.238547030345178,0,
2024-08-03 11:00:00,16.865652164036796,0,
2024-08-03 12:00:00,15.946825905111668,0,
2024-08-03 13:00:00,16.74478074568965,0,
2024-08-03 14:00:00,16.407670612727813,0,
2024-08-03 15:00:00,16.847861273679218,0,
2024-08-03 16:00:00,16.759708877575903,0,
2024-08-03 17:00:00,19.68981117334432,0,
2024-08-03 18:00:00,17.53960661492434,0,
2024-08-03 19:00:00,17.6160396958008,0,
2024-08-03 20:00:00,18.10436204114004,0,
2024-08-03 21:00:00,18.742724991799268,0,
2024-08-03 22:00:00,18.86441923271379,0,
2024-08-03 23:00:00,17.600168368695392,0,
2024-08-04 00:00:00,17.244054932627392,0,
2024-08-04 01:00:00,17.385857656158528,0,
2024-08-04 02:00:00,17.402183154283787,0,
2024-08-04 03:00:00,16.85945376820592,0,
2024-08-04 04:00:00,17.075365226139407,0,
2024-08-04 05:00:00,17.04561598610549,0,
2024-08-04 06:00:00,17.705230973272897,0,
2024-08-04 07:00:00,17.325800420651664,0,
2024-08-04 08:00:00,16.420391527132484,0,
2024-08-04 09:00:00,17.1722974556183,0,
2024-08-04 10:00:00,16.471485281462787,0,
2024-08-04 11:00:00,16.48505752611865,0,
2024-08-04 12:00:00,16.444046175227275,0,
2024-08-04 13:00:00,16.430891318260795,0,
2024-08-04 14:00:00,16.459377439510593,0,
2024-08-04 15:00:00,17.128751130028164,0,
2024-08-04 16:00:00,16.39596185808798,0,
2024-08-04 17:00:00,18.65404937043011,0,
2024-08-04 18:00:00,18.33614300882074,0,
2024-08-04 19:00:00,17.739179972957757,0,
2024-08-04 20:00:00,18.04775895635715,0,
2024-08-04 21:00:00,18.98556118712012,0,
2024-08-04 22:00:00,17.38872079452194,0,
2024-08-04 23:00:00,17.056152923558287,0,
2024-08-05 00:00:00,16.73829778211999,0,
2024-08-05 01:00:00,16.312509148903356,0,
2024-08-05 02:00:00,16.161134246171994,0,
2024-08-05 03:00:00,16.368985463721426,0,
2024-08-05 04:00:00,16.80286208102039,0,
2024-08-05 05:00:00,16.65484013897837,0,
2024-08-05 06:00:00,17.179233242919228,0,
2024-08-05 07:00:00,16.693891042472043,0,
2024-08-05 08:00:00,17.228694487661343,0,
2024-08-05 09:00:00,16.784090203244595,0,
2024-08-05 10:00:00,16.95410097435254,0,
2024-08-05 11:00:00,17.037338300194453,0,
2024-08-05 12:00:00,17.085972838782634,0,
2024-08-05 13:00:00,17.778317204179405,0,
2024-08-05 14:00:00,17.343313424946416,0,
2024-08-05 15:00:00,19.436874467989057,0,
2024-08-05 16:00:00,17.359078894753875,0,
2024-08-05 17:00:00,20.158558110841067,0,
2024-08-05 18:00:00,18.67492765953252,0,
2024-08-05 19:00:00,19.14111550562604,0,
2024-08-05 20:00:00,18.826829586467056,0,
2024-08-05 21:00:00,19.721271766933377,0,
2024-08-05 22:00:00,18.72345956757084,0,
2024-08-05 23:00:00,17.033077081548058,0,
2024-08-06 00:00:00,17.30173136234106,0,
2024-08-06 01:00:00,17.525682172350887,0,
2024-08-06 02:00:00,17.19701219280345,0,
2024-08-06 03:00:00,17.21777082500615,0,
2024-08-06 04:00:00,17.70233437309181,0,
2024-08-06 05:00:00,17.62568647426104,0,
2024-08-06 06:00:00,17.787317412465676,0,
2024-08-06 07:00:00,17.969787872402634,0,
2024-08-06 08:00:00,18.307453147536908,0,
2024-08-06 09:00:00,17.760677515963064,0,
2024-08-06 10:00:00,17.77262606699911,0,
2024-08-06 11:00:00,18.34384447730151,0,
2024-08-06 12:00:00,18.23919775538848,0,
2024-08-06 13:00:00,19.85881311287189,0,
2024-08-06 14:00:00,19.26545933409132,0,
2024-08-06 15:00:00,18.482815329171043,0,
2024-08-06 16:00:00,18.26917981253836,0,
2024-08-06 17:00:00,20.375227045031675,0,
2024-08-06 18:00:00,32.06046982898248,0,
2024-08-06 19:00:00,19.91816213445109,0,
2024-08-06 20:00:00,19.60040340393372,0,
2024-08-06 21:00:00,19.854332293607506,0,
2024-08-06 22:00:00,19.553466394185435,0,
2024-08-06 23:00:00,18.46508600074813,0,
2024-08-07 00:00:00,17.64115265886851,0,
2024-08-07 01:00:00,17.951210560273896,0,
2024-08-07 02:00:00,17.35441384292703,0,
2024-08-07 03:00:00,17.673246329645973,0,
2024-08-07 04:00:00,18.225238941644083,0,
2024-08-07 05:00:00,18.469801660347983,0,
2024-08-07 06:00:00,18.695291481829955,0,
2024-08-07 07:00:00,18.80174782764693,0,
2024-08-07 08:00:00,18.56854015045881,0,
2024-08-07 09:00:00,18.157800967536325,0,
2024-08-07 10:00:00,18.439689786957096,0,
2024-08-07 11:00:00,18.299018001824265,0,
2024-08-07 12:00:00,18.66609614083066,0,
2024-08-07 13:00:00,18.330172550413973,0,
2024-08-07 14:00:00,19.00771043092057,0,
2024-08-07 15:00:00,18.77927171522591,0,
2024-08-07 16:00:00,19.09192491971514,0,
2024-08-07 17:00:00,20.834102238324466,0,
2024-08-07 18:00:00,21.509213784462755,0,
2024-08-07 19:00:00,22.78463991264072,0,
2024-08-07 20:00:00,19.78347565157807,0,
2024-08-07 21:00:00,19.213149854083515,0,
2024-08-07 22:00:00,18.88657839640541,0,
2024-08-07 23:00:00,23.75664912274829,0,
2024-08-08 00:00:00,18.72524266604815,0,
2024-08-08 01:00:00,18.197462434703468,0,
2024-08-08 02:00:00,18.07826312235313,0,
2024-08-08 03:00:00,18.189574391648524,0,
2024-08-08 04:00:00,18.42856795287987,0,
2024-08-08 05:00:00,18.506608709127363,0,
2024-08-08 06:00:00,18.926503390821583,0,
2024-08-08 07:00:00,19.045420180850293,0,
2024-08-08 08:00:00,19.143156569963573,0,
2024-08-08 09:00:00,18.95953258918713,0,
2024-08-08 10:00:00,18.525424108150016,0,
2024-08-08 11:00:00,18.75270786939452,0,
2024-08-08 12:00:00,18.724318373077995,0,
2024-08-08 13:00:00,18.59460209775282,0,
2024-08-08 14:00:00,19.105523487293105,0,
2024-08-08 15:00:00,18.529734294772545,0,
2024-08-08 16:00:00,19.010933490860506,0,
2024-08-08 17:00:00,46.243585201797856,0,
2024-08-08 18:00:00,17.162330302775285,0,
2024-08-08 19:00:00,20.278030294653885,0,
2024-08-08 20:00:00,24.65411829979156,0,
2024-08-08 21:00:00,18.02204133945676,0,
2024-08-08 22:00:00,18.405390716104428,0,
2024-08-08 23:00:00,16.857138106657615,0,
2024-08-09 00:00:00,17.10269850002201,0,
2024-08-09 01:00:00,17.10467196719595,0,
2024-08-09 02:00:00,17.076361033641277,0,
2024-08-09 03:00:00,16.735497013698367,0,
2024-08-09 04:00:00,17.12794280958929,0,
2024-08-09 05:00:00,17.32111096394791,0,
2024-08-09 06:00:00,17.407988140010136,0,
2024-08-09 07:00:00,17.37611617403769,0,
2024-08-09 08:00:00,17.571515594323007,0,
2024-08-09 09:00:00,17.290863092891506,0,
2024-08-09 10:00:00,17.28843942561472,0,
2024-08-09 11:00:00,17.83385479926182,0,
2024-08-09 12:00:00,17.527426334402268,0,
2024-08-09 13:00:00,17.869659350805644,0,
2024-08-09 14:00:00,17.367862207383446,0,
2024-08-09 15:00:00,18.400463537482857,0,
2024-08-09 16:00:00,18.177725734655244,0,
2024-08-09 17:00:00,19.26800757359824,0,
2024-08-09 18:00:00,19.232012267082865,0,
2024-08-09 19:00:00,19.46362927201981,0,
2024-08-09 20:00:00,19.59281950001805,0,
2024-08-09 21:00:00,23.243326285466857,0,
2024-08-09 22:00:00,18.85623378992314,0,
2024-08-09 23:00:00,17.2788132082406,0,
2024-08-10 00:00:00,17.425306961990273,0,
2024-08-10 01:00:00,20.38227114535591,0,
2024-08-10 02:00:00,16.509228209661185,0,
2024-08-10 03:00:00,16.65658979594921,0,
2024-08-10 04:00:00,16.384574480250244,0,
2024-08-10 05:00:00,16.67264909702043,0,
2024-08-10 06:00:00,16.592221059331308,0,
2024-08-10 07:00:00,16.62379849769233,0,
2024-08-10 08:00:00,16.77346693390847,0,
2024-08-10 09:00:00,17.052478148704107,0,
2024-08-10 10:00:00,17.186834615422217,0,
2024-08-10 11:00:00,17.29182866148964,0,
2024-08-10 12:00:00,17.164900173734242,0,
2024-08-10 13:00:00,16.760631433055757,0,
2024-08-10 14:00:00,17.096078316777977,0,
2024-08-10 15:00:00,16.988159372243466,0,
2024-08-10 16:00:00,17.210034858542315,0,
2024-08-10 17:00:00,37.00196375010688,0,
2024-08-10 18:00:00,19.02982077850364,0,
2024-08-10 19:00:00,18.33443787059548,0,
2024-08-10 20:00:00,17.426424662742217,0,
2024-08-10 21:00:00,17.316542184207776,0,
2024-08-10 22:00:00,17.87007892088854,0,
2024-08-10 23:00:00,18.06160905536157,0,
2024-08-11 00:00:00,17.68431105725575,0,
2024-08-11 01:00:00,17.713489247529047,0,
2024-08-11 02:00:00,17.628693775088752,0,
2024-08-11 03:00:00,17.61899807738927,0,
2024-08-11 04:00:00,17.80136995702292,0,
2024-08-11 05:00:00,17.415404169098334,0,
2024-08-11 06:00:00,17.520412718917473,0,
2024-08-11 07:00:00,17.24536677885687,0,
2024-08-11 08:00:00,17.800745487357986,0,
2024-08-11 09:00:00,18.183915106180525,0,
2024-08-11 10:00:00,17.51676535541591,0,
2024-08-11 11:00:00,17.3412755538695,0,
2024-08-11 12:00:00,17.57812882957862,0,
2024-08-11 13:00:00,17.69750936548341,0,
2024-08-11 14:00:00,17.829532694602946,0,
2024-08-11 15:00:00,18.06014992388156,0,
2024-08-11 16:00:00,18.013837407136684,0,
2024-08-11 17:00:00,20.311966468273045,0,
2024-08-11 18:00:00,18.808816126593456,0,
2024-08-11 19:00:00,19.684685732337865,0,
2024-08-11 20:00:00,19.15326634089136,0,
2024-08-11 21:00:00,19.10645700347146,0,
2024-08-11 22:00:00,19.04838845151277,0,
2024-08-11 23:00:00,18.06361407108449,0,
2024-08-12 00:00:00,18.00778809988135,0,
2024-08-12 01:00:00,17.456717816083234,0,
2024-08-12 02:00:00,17.549902687379646,0,
2024-08-12 03:00:00,17.625975992792497,0,
2024-08-12 04:00:00,18.455244965943525,0,
2024-08-12 05:00:00,18.87730837562656,0,
2024-08-12 06:00:00,18.07661107253696,0,
2024-08-12 07:00:00,18.45801580127525,0,
2024-08-12 08:00:00,18.262925557939987,0,
2024-08-12 09:00:00,18.310197475830947,0,
2024-08-12 10:00:00,18.65565395191363,0,
2024-08-12 11:00:00,20.29005162473232,0,
2024-08-12 12:00:00,18.51734857934212,0,
2024-08-12 13:00:00,18.2900564561655,0,
2024-08-12 14:00:00,18.7607610242206,0,
2024-08-12 15:00:00,20.668285576633853,0,
2024-08-12 16:00:00,18.47996332973366,0,
2024-08-12 17:00:00,22.57699456139971,0,
2024-08-12 18:00:00,19.79861847108872,0,
2024-08-12 19:00:00,19.92221388435967,0,
2024-08-12 20:00:00,20.14501140322317,0,
2024-08-12 21:00:00,20.216929110259688,0,
2024-08-12 22:00:00,19.5489478392279,0,
2024-08-12 23:00:00,18.570028762798497,0,
2024-08-13 00:00:00,19.55524792660137,0,
2024-08-13 01:00:00,18.52527700369209,0,
2024-08-13 02:00:00,18.303733048093324,0,
2024-08-13 03:00:00,18.36919013960693,0,
2024-08-13 04:00:00,30.78633526454388,0,
2024-08-13 05:00:00,18.639600558662828,0,
2024-08-13 06:00:00,28.789766636261195,0,
2024-08-13 07:00:00,26.573289487352127,0,
2024-08-13 08:00:00,19.13709162146819,0,
2024-08-13 09:00:00,21.72695064686714,0,
2024-08-13 10:00:00,19.441242271275527,0,
2024-08-13 11:00:00,19.283742968395988,0,
2024-08-13 12:00:00,19.44437589284973,0,
2024-08-13 13:00:00,19.428987477349807,0,
2024-08-13 14:00:00,22.19742470538646,0,
2024-08-13 15:00:00,24.53098181899942,0,
2024-08-13 16:00:00,21.50104987834388,0,
2024-08-13 17:00:00,20.023156073427906,0,
2024-08-13 18:00:00,19.90877738659306,0,
2024-08-13 19:00:00,23.42665333519876,0,
2024-08-13 20:00:00,20.325282460123105,0,
2024-08-13 21:00:00,19.85965000115896,0,
2024-08-13 22:00:00,20.71238414929133,0,
2024-08-13 23:00:00,19.549310177302523,0,
2024-08-14 00:00:00,18.9358951618351,0,
2024-08-14 01:00:00,19.00494427168389,0,
2024-08-14 02:00:00,21.65390555870328,0,
2024-08-14 03:00:00,19.27535169867159,0,
2024-08-14 04:00:00,17.881283025786562,0,
2024-08-14 05:00:00,18.565618356035174,0,
2024-08-14 06:00:00,18.82380570416722,0,
2024-08-14 07:00:00,18.07640340112897,0,
2024-08-14 08:00:00,18.9992592111971,0,
2024-08-14 09:00:00,19.14629437796672,0,
2024-08-14 10:00:00,19.76495259626684,0,
2024-08-14 11:00:00,20.09316213890156,0,
2024-08-14 12:00:00,19.408476277756968,0,
2024-08-14 13:00:00,19.6127859932523,0,
2024-08-14 14:00:00,19.5623735397826,0,
2024-08-14 15:00:00,20.285028034193253,0,
2024-08-14 16:00:00,19.85756179480721,0,
2024-08-14 17:00:00,20.64542244912577,0,
2024-08-14 18:00:00,20.67143998297919,0,
2024-08-14 19:00:00,21.16505542242331,0,
2024-08-14 20:00:00,20.03203176131963,0,
2024-08-14 21:00:00,20.233699415650708,0,
2024-08-14 22:00:00,20.77863682275808,0,
2024-08-14 23:00:00,20.108498718080675,0,
2024-08-15 00:00:00,15.398674006080936,0,
2024-08-15 01:00:00,15.78459330126323,0,
2024-08-15 02:00:00,17.509626557816176,0,
2024-08-15 03:00:00,14.875310503709596,0,
2024-08-15 04:00:00,14.898575023664357,0,
2024-08-15 05:00:00,14.773431538119992,0,
2024-08-15 06:00:00,15.344732952314132,0,
2024-08-15 07:00:00,15.523404896709604,0,
2024-08-15 08:00:00,15.479092220676984,0,
2024-08-15 09:00:00,16.675170984739573,0,
2024-08-15 10:00:00,15.51419091418162,0,
2024-08-15 11:00:00,15.18446660418692,0,
2024-08-15 12:00:00,15.332847208633188,0,
2024-08-15 13:00:00,15.450929285159914,0,
2024-08-15 14:00:00,16.034665862977857,0,
2024-08-15 15:00:00,16.590157927646654,0,
2024-08-15 16:00:00,15.43248727603058,0,
2024-08-15 17:00:00,34.71889019582453,0,
2024-08-15 18:00:00,16.046941236779098,0,
2024-08-15 19:00:00,19.49364421147684,0,
2024-08-15 20:00:00,14.793119022063092,0,
2024-08-15 21:00:00,14.827544980964682,0,
2024-08-15 22:00:00,13.73351579422371,0,
2024-08-15 23:00:00,13.597918464589142,0,
2024-08-16 00:00:00,13.669226111100512,0,
2024-08-16 01:00:00,13.61531113077998,0,
2024-08-16 02:00:00,12.735757691779044,0,
2024-08-16 03:00:00,12.98760149662992,0,
2024-08-16 04:00:00,14.503471982155183,0,
2024-08-16 05:00:00,14.44580840016544,0,
2024-08-16 06:00:00,14.9078175484705,0,
2024-08-16 07:00:00,15.24088273296558,0,
2024-08-16 08:00:00,14.731109801538503,0,
2024-08-16 09:00:00,14.94011345864404,0,
2024-08-16 10:00:00,14.661696795479916,0,
2024-08-16 11:00:00,14.740047574113998,0,
2024-08-16 12:00:00,14.47068429407684,0,
2024-08-16 13:00:00,14.605301515862418,0,
2024-08-16 14:00:00,14.5528124148131,0,
2024-08-16 15:00:00,14.388942264002806,0,
2024-08-16 16:00:00,14.816918108452189,0,
2024-08-16 17:00:00,16.204787151339026,0,
2024-08-16 18:00:00,42.54864517516846,0,
2024-08-16 19:00:00,18.76874657297298,0,
2024-08-16 20:00:00,15.243817698316898,0,
2024-08-16 21:00:00,19.795143660513965,0,
2024-08-16 22:00:00,14.689874445747384,0,
2024-08-16 23:00:00,14.325304468275949,0,
2024-08-17 00:00:00,13.614878688912782,0,
2024-08-17 01:00:00,13.650538181965867,0,
2024-08-17 02:00:00,13.298205052553827,0,
2024-08-17 03:00:00,14.00132281642525,0,
2024-08-17 04:00:00,13.83394330699156,0,
2024-08-17 05:00:00,14.000482208854937,0,
2024-08-17 06:00:00,13.741715296106689,0,
2024-08-17 07:00:00,13.849079318313022,0,
2024-08-17 08:00:00,14.19071169916417,0,
2024-08-17 09:00:00,13.832871320051373,0,
2024-08-17 10:00:00,13.96869309454326,0,
2024-08-17 11:00:00,13.552676903989568,0,
2024-08-17 12:00:00,14.039094729043374,0,
2024-08-17 13:00:00,13.594764638834826,0,
2024-08-17 14:00:00,13.745552120498688,0,
2024-08-17 15:00:00,14.613785912212656,0,
2024-08-17 16:00:00,13.929162810383332,0,
2024-08-17 17:00:00,15.154439525620576,0,
2024-08-17 18:00:00,15.156720147725686,0,
2024-08-17 19:00:00,15.5189607907729,0,
2024-08-17 20:00:00,16.01627351457881,0,
2024-08-17 21:00:00,14.006446790036623,0,
2024-08-17 22:00:00,18.18869656125628,0,
2024-08-17 23:00:00,15.8760905987262,0,
2024-08-18 00:00:00,15.703419126919975,0,15.286374
2024-08-18 01:00:00,15.501125217512884,0,15.317941
2024-08-18 02:00:00,12.232256719008374,0,15.119303
2024-08-18 03:00:00,16.14210081742235,0,15.3528185
2024-08-18 04:00:00,15.436033126412974,0,16.005579
2024-08-18 05:00:00,14.920674483430624,0,15.646393
2024-08-18 06:00:00,13.819248479918096,0,16.949917
2024-08-18 07:00:00,13.809257866287895,0,16.570557
2024-08-18 08:00:00,14.047998979578669,0,18.319687
2024-08-18 09:00:00,14.509869684509033,0,16.139551
2024-08-18 10:00:00,14.405520419321403,0,17.021126
2024-08-18 11:00:00,14.47616889175226,0,18.087059
2024-08-18 12:00:00,15.12187549810089,0,12.903812
2024-08-18 13:00:00,14.031308734232637,0,15.689564
2024-08-18 14:00:00,14.284144794193768,0,15.956797
2024-08-18 15:00:00,14.683957695660435,0,17.352173
2024-08-18 16:00:00,14.560312257232663,0,16.15132
2024-08-18 17:00:00,16.663454980478196,0,16.803173
2024-08-18 18:00:00,15.792088218205294,0,18.011692
2024-08-18 19:00:00,15.201485024531994,0,21.011635
2024-08-18 20:00:00,15.973243691679,0,20.809826
2024-08-18 21:00:00,15.685827326157131,0,15.077788
2024-08-18 22:00:00,15.220035693261538,0,15.89991
2024-08-18 23:00:00,13.893629822758871,0,16.792032
2024-08-19 00:00:00,14.736195145855351,0,14.170383
2024-08-19 01:00:00,14.656421376220012,0,16.01386
2024-08-19 02:00:00,14.353559869343623,0,14.329785
2024-08-19 03:00:00,14.70719875040886,0,14.356942
2024-08-19 04:00:00,15.217753052517098,0,16.358946
2024-08-19 05:00:00,14.61848639536218,0,15.711086
2024-08-19 06:00:00,15.3008696297686,0,16.4838
2024-08-19 07:00:00,14.702352224742036,0,16.9566
2024-08-19 08:00:00,15.110521263488335,0,16.50302
2024-08-19 09:00:00,15.500996246368954,0,16.711634
2024-08-19 10:00:00,15.88831098292566,0,15.49919
2024-08-19 11:00:00,15.52663571310011,0,16.126802
2024-08-19 12:00:00,15.44030681325434,0,15.754663
2024-08-19 13:00:00,16.41218553772066,0,15.443228
2024-08-19 14:00:00,15.360345675656268,0,16.279264
2024-08-19 15:00:00,17.41627173305252,0,15.411359
2024-08-19 16:00:00,15.921598047724936,0,16.270716
2024-08-19 17:00:00,17.26771882712332,0,16.365103
2024-08-19 18:00:00,17.43351259107578,0,16.620478
2024-08-19 19:00:00,17.26246212122968,0,16.258202
2024-08-19 20:00:00,17.972485791346802,0,15.927473
2024-08-19 21:00:00,16.48988635017746,0,15.489346
2024-08-19 22:00:00,16.345195742286183,0,15.597835
2024-08-19 23:00:00,15.50664281811227,0,15.259618
2024-08-20 00:00:00,15.220945614144972,0,15.462111
2024-08-20 01:00:00,15.253541684784864,0,15.851487
2024-08-20 02:00:00,15.4516258551823,0,15.5971365
2024-08-20 03:00:00,15.37655621495562,0,16.644228
2024-08-20 04:00:00,15.294771099033746,0,16.128948
2024-08-20 05:00:00,16.23726176066035,0,15.729581
2024-08-20 06:00:00,16.00215492480685,0,15.619584
2024-08-20 07:00:00,16.8434584353068,0,16.074598
2024-08-20 08:00:00,16.58660469859351,0,15.867814
2024-08-20 09:00:00,15.723163497978575,0,16.110104
2024-08-20 10:00:00,16.712076762786587,0,16.72905
2024-08-20 11:00:00,16.516334729724353,0,17.575312
2024-08-20 12:00:00,16.77248064823434,0,17.116436
2024-08-20 13:00:00,15.631210740830344,0,17.638254
2024-08-20 14:00:00,16.643176326879463,0,18.159096
2024-08-20 15:00:00,16.671598594936707,0,20.429472
2024-08-20 16:00:00,16.008687187303302,0,18.752832
2024-08-20 17:00:00,37.867559571473706,0,18.746489
2024-08-20 18:00:00,18.328216265476573,0,21.727947
2024-08-20 19:00:00,17.95899669431784,0,19.416079
2024-08-20 20:00:00,15.892384081211748,0,18.142588
2024-08-20 21:00:00,15.096206539931844,0,18.068697
2024-08-20 22:00:00,14.559703807038131,0,19.869295
2024-08-20 23:00:00,13.688472161120185,0,17.594227
2024-08-21 00:00:00,13.793605914398864,0,14.244624
2024-08-21 01:00:00,13.574518577911697,0,14.060241
2024-08-21 02:00:00,13.286094441711132,0,14.143093
2024-08-21 03:00:00,13.452144493072602,0,14.065294
2024-08-21 04:00:00,13.043181044142814,0,14.763973
2024-08-21 05:00:00,14.636173427423262,0,15.349003
2024-08-21 06:00:00,13.96659513729846,0,14.845852
2024-08-21 07:00:00,14.144979078279292,0,15.899507
2024-08-21 08:00:00,15.884759307394466,0,15.860442
2024-08-21 09:00:00,16.32874197393654,0,16.051994
2024-08-21 10:00:00,15.067164341490354,0,15.404645
2024-08-21 11:00:00,14.606440988961491,0,15.230605
2024-08-21 12:00:00,16.239213195919916,0,15.1249485
2024-08-21 13:00:00,14.881721019179716,0,16.747292
2024-08-21 14:00:00,15.09370969793084,0,16.619078
2024-08-21 15:00:00,14.700676164353151,0,16.082869
2024-08-21 16:00:00,14.675425479301571,0,18.117609
2024-08-21 17:00:00,16.263261477498453,0,18.311953
2024-08-21 18:00:00,16.36200626845401,0,16.178146
2024-08-21 19:00:00,17.18368681376903,0,17.01618
2024-08-21 20:00:00,17.33824211700013,0,18.030022
2024-08-21 21:00:00,15.08824453320299,0,22.074308
2024-08-21 22:00:00,15.431672217739868,0,16.746387
2024-08-21 23:00:00,14.629092572307467,0,16.495953
2024-08-22 00:00:00,13.88663386447227,0,15.019052
2024-08-22 01:00:00,17.327539567935204,0,14.862644
2024-08-22 02:00:00,13.40761473687277,0,14.636946
2024-08-22 03:00:00,13.210754917066028,0,15.158535
2024-08-22 04:00:00,13.955657217379436,0,14.933324
2024-08-22 05:00:00,13.806022718190269,0,16.061058
2024-08-22 06:00:00,14.427542002616242,0,16.312565
2024-08-22 07:00:00,14.439038827907634,0,16.08627
2024-08-22 08:00:00,14.365962289000398,0,16.115982
2024-08-22 09:00:00,14.755204263637465,0,18.337168
2024-08-22 10:00:00,15.67444903145573,0,16.586033
2024-08-22 11:00:00,15.730495240865904,0,17.553774
2024-08-22 12:00:00,14.784785745331524,0,15.799939
2024-08-22 13:00:00,14.728312416870176,0,15.959687
2024-08-22 14:00:00,14.732089257590992,0,17.931797
2024-08-22 15:00:00,15.126475100460722,0,18.349447
2024-08-22 16:00:00,19.62575942109199,0,17.391832
2024-08-22 17:00:00,40.99731076420432,0,17.773315
2024-08-22 18:00:00,21.453203165498483,0,19.263435
2024-08-22 19:00:00,24.828935343543552,0,18.128149
2024-08-22 20:00:00,22.834751886274884,0,19.513987
2024-08-22 21:00:00,41.85658428414496,0,17.344894
2024-08-22 22:00:00,18.83972056967844,0,16.828442
2024-08-22 23:00:00,19.34080769186396,0,14.81104
2024-08-23 00:00:00,18.25111509725954,0,17.700441
2024-08-23 01:00:00,18.25343050079453,0,17.341747
2024-08-23 02:00:00,18.28937681555969,0,16.42449
2024-08-23 03:00:00,18.865189975731745,0,15.962791
2024-08-23 04:00:00,18.35740249574362,0,18.039734
2024-08-23 05:00:00,18.799856195262564,0,17.629208
2024-08-23 06:00:00,19.35738402199648,0,16.726067
2024-08-23 07:00:00,19.46927808442897,0,18.797588
2024-08-23 08:00:00,19.736326084033443,0,24.169998
2024-08-23 09:00:00,19.550166889581448,0,19.839687
2024-08-23 10:00:00,14.367011792763122,0,21.683138
2024-08-23 11:00:00,14.983881841554004,0,19.528496
2024-08-23 12:00:00,14.577358316633475,0,22.550589
2024-08-23 13:00:00,14.548527643630283,0,22.55528
2024-08-23 14:00:00,14.40958056450356,0,23.616745
2024-08-23 15:00:00,14.385596987809496,0,24.943733
2024-08-23 16:00:00,15.292655864223455,0,23.148733
2024-08-23 17:00:00,36.02062715987802,0,20.16397
2024-08-23 18:00:00,15.76928332645722,0,21.739643
2024-08-23 19:00:00,13.701109491721637,0,23.88022
2024-08-23 20:00:00,13.801263154795556,0,24.828514
2024-08-23 21:00:00,19.85514893439006,0,21.414871
2024-08-23 22:00:00,13.557027942905286,0,18.5187
2024-08-23 23:00:00,13.706938593502525,0,17.010933
2024-08-24 00:00:00,13.320638468383972,0,15.527466
2024-08-24 01:00:00,13.610872637865564,0,15.196017
2024-08-24 02:00:00,13.4430386666895,0,13.513163
2024-08-24 03:00:00,13.725026840936112,0,13.855915
2024-08-24 04:00:00,13.116485377942412,0,14.924688
2024-08-24 05:00:00,13.168672418933346,0,15.149192
2024-08-24 06:00:00,13.18411527291433,0,14.597152
2024-08-24 07:00:00,13.461492123976203,0,15.420871
2024-08-24 08:00:00,13.579416027507826,0,16.922846
2024-08-24 09:00:00,13.73722433926276,0,16.56833
2024-08-24 10:00:00,13.812061719095698,0,17.96548
2024-08-24 11:00:00,13.698228503434462,0,16.28502
2024-08-24 12:00:00,13.396165007424834,0,16.12166
2024-08-24 13:00:00,13.29303464679455,0,18.83828
2024-08-24 14:00:00,13.895983310817895,0,21.345814
2024-08-24 15:00:00,13.929459178045814,0,15.7697935
2024-08-24 16:00:00,13.88727586152634,0,20.915668
2024-08-24 17:00:00,15.66943669787126,0,19.617546
2024-08-24 18:00:00,14.319787652500436,0,16.296509
2024-08-24 19:00:00,14.62940421727104,0,17.633373
2024-08-24 20:00:00,14.620974740479529,0,14.380782
2024-08-24 21:00:00,16.04168864518852,0,17.102484
2024-08-24 22:00:00,15.457575167301036,0,16.628017
2024-08-24 23:00:00,14.69806800572926,0,15.136989
